ID,ASSET,SAMPLE POINT DESCRIPTION,SAMPLE TYPE,SAMPLING DATE,SAMPLING TIME,SAMPLE POINT CODE,ANALYSIS NAME (COMPONENTS),RESULTS ,UNIT
7224,MAFUMEIRA,LACT UNIT MAF-XV7690- S2,CRUDE OIL,2025-04-01,07:30,MAFLAC-02,SPECIFIC GRAVITY,0.86,(dimensionless)
7223,MAFUMEIRA,LACT UNIT MAF-XV7690- S2,CRUDE OIL,2025-04-01,07:30,MAFLAC-02,VAPOR PRESSURE,2.61,psi
7222,MAFUMEIRA,LACT UNIT MAF-XV7690- S2,CRUDE OIL,2025-04-01,07:30,MAFLAC-02,DENSITY @ 15C,0.86,g/cm^3
7221,MAFUMEIRA,LACT UNIT MAF-XV7690- S2,CRUDE OIL,2025-04-01,07:30,MAFLAC-02,API,32.70,°API
7220,MAFUMEIRA,LACT UNIT MAF-XV7690- S2,CRUDE OIL,2025-04-01,07:30,MAFLAC-02,BS&W,0.40,%vol
7219,MAFUMEIRA,LACT UNIT MAF-XV7690- S2,CRUDE OIL,2025-04-01,07:30,MAFLAC-02,WATER,0.40,%vol
7218,MAFUMEIRA,LACT UNIT MAF-XV7690- S2,CRUDE OIL,2025-04-01,07:30,MAFLAC-02,EMUL (NOEB),0.00,%vol
7217,MAFUMEIRA,LACT UNIT MAF-XV7690- S2,CRUDE OIL,2025-04-01,07:30,MAFLAC-02,SEDIMENT,0.00,%vol
7216,MAFUMEIRA,LACT UNIT MAF-XV7690- S2,CRUDE OIL,2025-04-01,07:30,MAFLAC-02,SALT,250.00,lb/1000 bbl
7215,MAFUMEIRA,LACT UNIT MAF-XV7690- S2,CRUDE OIL,2025-05-01,16:30,MAFLAC-02,DENSITY @ 15C,0.86,g/cm^3
7214,MAFUMEIRA,LACT UNIT MAF-XV7690- S2,CRUDE OIL,2025-05-01,16:30,MAFLAC-02,BS&W,0.05,%vol
7213,MAFUMEIRA,LACT UNIT MAF-XV7690- S2,CRUDE OIL,2025-05-01,16:30,MAFLAC-02,WATER,0.05,%vol
7212,MAFUMEIRA,LACT UNIT MAF-XV7690- S2,CRUDE OIL,2025-05-01,16:30,MAFLAC-02,EMULSION,0.05,%vol
7211,MAFUMEIRA,LACT UNIT MAF-XV7690- S2,CRUDE OIL,2025-05-01,16:30,MAFLAC-02,SEDIMENT,0.00,%vol
7210,MAFUMEIRA,LACT UNIT MAF-XV7690- S2,CRUDE OIL,2025-05-01,16:30,MAFLAC-02,SALT,10.00,lb/1000 bbl
7209,MAFUMEIRA,LACT UNIT MAF-XV7690- S2,CRUDE OIL,2025-05-16,06:40,MAFLAC-02,DENSITY @ 15°C,0.85,g/cm^3
7208,MAFUMEIRA,LACT UNIT MAF-XV7690- S2,CRUDE OIL,2025-05-16,06:40,MAFLAC-02,BS&W,0.10,%vol
7207,MAFUMEIRA,LACT UNIT MAF-XV7690- S2,CRUDE OIL,2025-05-16,06:40,MAFLAC-02,WATER,0.10,%vol
7206,MAFUMEIRA,LACT UNIT MAF-XV7690- S2,CRUDE OIL,2025-05-16,06:40,MAFLAC-02,EMUL,0.05,%vol
7205,MAFUMEIRA,LACT UNIT MAF-XV7690- S2,CRUDE OIL,2025-05-16,06:40,MAFLAC-02,SEDIMENT,0.00,%vol
7204,MAFUMEIRA,LACT UNIT MAF-XV7690- S2,CRUDE OIL,2025-05-16,06:40,MAFLAC-02,SALT,23.00,lb/1000 bbl
7203,MAFUMEIRA,LACT UNIT MAF-XV7690- S2,CRUDE OIL,2025-02-15,09:30,MAFLAC-02,VAPOR PRESSURE,3.33,psi
7202,MAFUMEIRA,LACT UNIT MAF-XV7690- S2,CRUDE OIL,2025-02-15,09:30,MAFLAC-02,DENSITY @ 15°C,0.86,g/cm³
7201,MAFUMEIRA,LACT UNIT MAF-XV7690- S2,CRUDE OIL,2025-02-15,09:30,MAFLAC-02,API,33.10,°API
7200,MAFUMEIRA,LACT UNIT MAF-XV7690- S2,CRUDE OIL,2025-02-15,09:30,MAFLAC-02,BS&W,0.15,%vol
7199,MAFUMEIRA,LACT UNIT MAF-XV7690- S2,CRUDE OIL,2025-02-15,09:30,MAFLAC-02,WATER,0.15,%vol
7198,MAFUMEIRA,LACT UNIT MAF-XV7690- S2,CRUDE OIL,2025-02-15,09:30,MAFLAC-02,EMUL (NOEB),0.05,%vol
7197,MAFUMEIRA,LACT UNIT MAF-XV7690- S2,CRUDE OIL,2025-02-15,09:30,MAFLAC-02,SEDIMENT,0.00,%vol
7196,MAFUMEIRA,LACT UNIT MAF-XV7690- S2,CRUDE OIL,2025-02-15,09:30,MAFLAC-02,SALT,75.00,lb/1000 bbl
7187,MAFUMEIRA,LACT UNIT MAF-XV7690- S2,CRUDE OIL,2025-02-01,15:00,MAFLAC-02,VAPOR PRESSURE,2.46,psi
7186,MAFUMEIRA,LACT UNIT MAF-XV7690- S2,CRUDE OIL,2025-02-01,15:00,MAFLAC-02,DENSITY @ 15C,0.92,g/cm^3
7185,MAFUMEIRA,LACT UNIT MAF-XV7690- S2,CRUDE OIL,2025-02-01,15:00,MAFLAC-02,BS&W,22.00,%vol
7184,MAFUMEIRA,LACT UNIT MAF-XV7690- S2,CRUDE OIL,2025-02-01,15:00,MAFLAC-02,WATER,22.00,%vol
7183,MAFUMEIRA,LACT UNIT MAF-XV7690- S2,CRUDE OIL,2025-02-01,15:00,MAFLAC-02,EMUL (NOEB),0.00,%vol
7182,MAFUMEIRA,LACT UNIT MAF-XV7690- S2,CRUDE OIL,2025-02-01,15:00,MAFLAC-02,SEDIMENT,0.00,%vol
7181,MAFUMEIRA,LACT UNIT MAF-XV7690- S2,CRUDE OIL,2025-02-01,15:00,MAFLAC-02,SALT,9850.00,lb/1000 bbl
7180,MAFUMEIRA,LACT UNIT MAF-XV7690- S2,CRUDE OIL,2025-01-01,08:00,MAFLAC-02,VAPOR PRESSURE,2.22,psi
7179,MAFUMEIRA,LACT UNIT MAF-XV7690- S2,CRUDE OIL,2025-01-01,08:00,MAFLAC-02,DENSITY @ 15C,0.85,g/cm^3
7178,MAFUMEIRA,LACT UNIT MAF-XV7690- S2,CRUDE OIL,2025-01-01,08:00,MAFLAC-02,BS&W,0.05,%vol
7177,MAFUMEIRA,LACT UNIT MAF-XV7690- S2,CRUDE OIL,2025-01-01,08:00,MAFLAC-02,WATER,0.05,%vol
7176,MAFUMEIRA,LACT UNIT MAF-XV7690- S2,CRUDE OIL,2025-01-01,08:00,MAFLAC-02,EMUL (NOEB),0.05,%vol
7175,MAFUMEIRA,LACT UNIT MAF-XV7690- S2,CRUDE OIL,2025-01-01,08:00,MAFLAC-02,SEDIMENT,0.00,%vol
7174,MAFUMEIRA,LACT UNIT MAF-XV7690- S2,CRUDE OIL,2025-01-01,08:00,MAFLAC-02,SALT,8.00,lb/1000 bbl
6644,MAFUMEIRA,OUTLET LINE FROM OIL LACT UNIT TO MALONGO TE,CRUDE OIL,2025-03-19,04:00,MAFEXP-01,API@60,32.80,Degrees
6643,MAFUMEIRA,OUTLET LINE FROM OIL LACT UNIT TO MALONGO TE,CRUDE OIL,2025-03-19,04:00,MAFEXP-01,DENSITY,0.86,g/cm3
6642,MAFUMEIRA,OUTLET LINE FROM OIL LACT UNIT TO MALONGO TE,CRUDE OIL,2025-03-19,04:00,MAFEXP-01,VAPOR PRESSURE,32.80,psi
6641,MAFUMEIRA,OUTLET LINE FROM OIL LACT UNIT TO MALONGO TE,CRUDE OIL,2025-03-19,04:00,MAFEXP-01,TOTAL SULFUR,3.56,%(w/w)
6640,MAFUMEIRA,OUTLET LINE FROM OIL LACT UNIT TO MALONGO TE,CRUDE OIL,2025-03-19,04:00,MAFEXP-01,SALT,5.00,lb/1000 bbl
6639,MAFUMEIRA,OUTLET LINE FROM OIL LACT UNIT TO MALONGO TE,CRUDE OIL,2025-03-19,04:00,MAFEXP-01,BS&W,0.05,%(v/v)
6638,MAFUMEIRA,OUTLET LINE FROM OIL LACT UNIT TO MALONGO TE,CRUDE OIL,2025-03-19,04:00,MAFEXP-01,WATER,0.05,%(v/v)
6637,MAFUMEIRA,OUTLET LINE FROM OIL LACT UNIT TO MALONGO TE,CRUDE OIL,2025-03-19,04:00,MAFEXP-01,EMUL,0.05,%(v/v)
6636,MAFUMEIRA,OUTLET LINE FROM OIL LACT UNIT TO MALONGO TE,CRUDE OIL,2025-03-19,04:00,MAFEXP-01,OIL GREASE,0.00,mg/L
6439,MAFUMEIRA,OUTLET LINE FROM OIL LACT UNIT TO MALONGO TERMINAL,CRUDE OIL,2025-01-02,05:00,MAFEXP-01,VAPOR PRESSURE,3.05,psi
6438,MAFUMEIRA,OUTLET LINE FROM OIL LACT UNIT TO MALONGO TERMINAL,CRUDE OIL,2025-01-02,05:00,MAFEXP-01,DENSITY @ 15C,0.87,g/cm^3
6437,MAFUMEIRA,OUTLET LINE FROM OIL LACT UNIT TO MALONGO TERMINAL,CRUDE OIL,2025-01-02,05:00,MAFEXP-01,BS&W,0.05,%vol
6436,MAFUMEIRA,OUTLET LINE FROM OIL LACT UNIT TO MALONGO TERMINAL,CRUDE OIL,2025-01-02,05:00,MAFEXP-01,WATER,0.05,%vol
6435,MAFUMEIRA,OUTLET LINE FROM OIL LACT UNIT TO MALONGO TERMINAL,CRUDE OIL,2025-01-02,05:00,MAFEXP-01,EMULSION,0.05,%vol
6434,MAFUMEIRA,OUTLET LINE FROM OIL LACT UNIT TO MALONGO TERMINAL,CRUDE OIL,2025-01-02,05:00,MAFEXP-01,SEDIMENT,0.00,%vol
6433,MAFUMEIRA,OUTLET LINE FROM OIL LACT UNIT TO MALONGO TERMINAL,CRUDE OIL,2025-01-02,05:00,MAFEXP-01,SALT,15.00,lb/1000 bbl
6432,MAFUMEIRA,OUTLET LINE FROM OIL LACT UNIT TO MALONGO TERMINAL,CRUDE OIL,2025-01-01,05:00,MAFEXP-01,VAPOR PRESSURE,2.66,psi
6431,MAFUMEIRA,OUTLET LINE FROM OIL LACT UNIT TO MALONGO TERMINAL,CRUDE OIL,2025-01-01,05:00,MAFEXP-01,DENSITY @ 15C,0.87,g/cm^3
6430,MAFUMEIRA,OUTLET LINE FROM OIL LACT UNIT TO MALONGO TERMINAL,CRUDE OIL,2025-01-01,05:00,MAFEXP-01,BS&W,0.05,%vol
6429,MAFUMEIRA,OUTLET LINE FROM OIL LACT UNIT TO MALONGO TERMINAL,CRUDE OIL,2025-01-01,05:00,MAFEXP-01,WATER,0.05,%vol
6428,MAFUMEIRA,OUTLET LINE FROM OIL LACT UNIT TO MALONGO TERMINAL,CRUDE OIL,2025-01-01,05:00,MAFEXP-01,EMULSION,0.05,%vol
6427,MAFUMEIRA,OUTLET LINE FROM OIL LACT UNIT TO MALONGO TERMINAL,CRUDE OIL,2025-01-01,05:00,MAFEXP-01,SEDIMENT,0.00,%vol
6426,MAFUMEIRA,OUTLET LINE FROM OIL LACT UNIT TO MALONGO TERMINAL,CRUDE OIL,2025-01-01,05:00,MAFEXP-01,SALT,15.00,lb/1000 bbl
6425,MAFUMEIRA,OUTLET LINE FROM OIL LACT UNIT TO MALONGO TERMINAL,CRUDE OIL,2025-01-03,05:00,MAFEXP-01,VAPOR PRESSURE,2.73,psi
6424,MAFUMEIRA,OUTLET LINE FROM OIL LACT UNIT TO MALONGO TERMINAL,CRUDE OIL,2025-01-03,05:00,MAFEXP-01,DENSITY @ 15C,0.86,g/cm^3
6423,MAFUMEIRA,OUTLET LINE FROM OIL LACT UNIT TO MALONGO TERMINAL,CRUDE OIL,2025-01-03,05:00,MAFEXP-01,BS&W,0.10,%vol
6422,MAFUMEIRA,OUTLET LINE FROM OIL LACT UNIT TO MALONGO TERMINAL,CRUDE OIL,2025-01-03,05:00,MAFEXP-01,WATER,0.10,%vol
6421,MAFUMEIRA,OUTLET LINE FROM OIL LACT UNIT TO MALONGO TERMINAL,CRUDE OIL,2025-01-03,05:00,MAFEXP-01,EMULSION,0.05,%vol
6420,MAFUMEIRA,OUTLET LINE FROM OIL LACT UNIT TO MALONGO TERMINAL,CRUDE OIL,2025-01-03,05:00,MAFEXP-01,SEDIMENT,0.00,%vol
6419,MAFUMEIRA,OUTLET LINE FROM OIL LACT UNIT TO MALONGO TERMINAL,CRUDE OIL,2025-01-03,05:00,MAFEXP-01,SALT,21.00,lb/1000 bbl
6418,MAFUMEIRA,OUTLET LINE FROM OIL LACT UNIT TO MALONGO TERMINAL,CRUDE OIL,2025-01-12,04:40,MAFEXP-01,VAPOR PRESSURE,2.27,psi
6417,MAFUMEIRA,OUTLET LINE FROM OIL LACT UNIT TO MALONGO TERMINAL,CRUDE OIL,2025-01-12,04:40,MAFEXP-01,DENSITY @ 15C,0.86,g/cm^3
6416,MAFUMEIRA,OUTLET LINE FROM OIL LACT UNIT TO MALONGO TERMINAL,CRUDE OIL,2025-01-12,04:40,MAFEXP-01,BS&W,0.05,%vol
6415,MAFUMEIRA,OUTLET LINE FROM OIL LACT UNIT TO MALONGO TERMINAL,CRUDE OIL,2025-01-12,04:40,MAFEXP-01,WATER,0.05,%vol
6414,MAFUMEIRA,OUTLET LINE FROM OIL LACT UNIT TO MALONGO TERMINAL,CRUDE OIL,2025-01-12,04:40,MAFEXP-01,EMUL (NOEB),0.05,%vol
6413,MAFUMEIRA,OUTLET LINE FROM OIL LACT UNIT TO MALONGO TERMINAL,CRUDE OIL,2025-01-12,04:40,MAFEXP-01,SEDIMENT,0.00,%vol
6412,MAFUMEIRA,OUTLET LINE FROM OIL LACT UNIT TO MALONGO TERMINAL,CRUDE OIL,2025-01-12,04:40,MAFEXP-01,SALT,11.00,lb/1000 bbl
6411,MAFUMEIRA,OUTLET LINE FROM OIL LACT UNIT TO MALONGO TERMINAL,CRUDE OIL,2025-01-11,04:00,MAFEXP-01,VAPOR PRESSURE,2.98,psi
6410,MAFUMEIRA,OUTLET LINE FROM OIL LACT UNIT TO MALONGO TERMINAL,CRUDE OIL,2025-01-11,04:00,MAFEXP-01,DENSITY @ 15C,0.86,g/cm^3
6409,MAFUMEIRA,OUTLET LINE FROM OIL LACT UNIT TO MALONGO TERMINAL,CRUDE OIL,2025-01-11,04:00,MAFEXP-01,BS&W,0.05,%vol
6408,MAFUMEIRA,OUTLET LINE FROM OIL LACT UNIT TO MALONGO TERMINAL,CRUDE OIL,2025-01-11,04:00,MAFEXP-01,WATER,0.05,%vol
6407,MAFUMEIRA,OUTLET LINE FROM OIL LACT UNIT TO MALONGO TERMINAL,CRUDE OIL,2025-01-11,04:00,MAFEXP-01,EMUL (NOEB),0.05,%vol
6406,MAFUMEIRA,OUTLET LINE FROM OIL LACT UNIT TO MALONGO TERMINAL,CRUDE OIL,2025-01-11,04:00,MAFEXP-01,SEDIMENT,0.00,%vol
6405,MAFUMEIRA,OUTLET LINE FROM OIL LACT UNIT TO MALONGO TERMINAL,CRUDE OIL,2025-01-11,04:00,MAFEXP-01,SALT,11.00,lb/1000 bbl
6404,MAFUMEIRA,OUTLET LINE FROM OIL LACT UNIT TO MALONGO TERMINAL,CRUDE OIL,2025-02-02,05:00,MAFEXP-01,VAPOR PRESSURE,3.05,psi
6403,MAFUMEIRA,OUTLET LINE FROM OIL LACT UNIT TO MALONGO TERMINAL,CRUDE OIL,2025-02-02,05:00,MAFEXP-01,DENSITY @ 15C,0.87,g/cm^3
6402,MAFUMEIRA,OUTLET LINE FROM OIL LACT UNIT TO MALONGO TERMINAL,CRUDE OIL,2025-02-02,05:00,MAFEXP-01,BS&W,0.05,%vol
6401,MAFUMEIRA,OUTLET LINE FROM OIL LACT UNIT TO MALONGO TERMINAL,CRUDE OIL,2025-02-02,05:00,MAFEXP-01,WATER,0.05,%vol
6400,MAFUMEIRA,OUTLET LINE FROM OIL LACT UNIT TO MALONGO TERMINAL,CRUDE OIL,2025-02-02,05:00,MAFEXP-01,EMULSION,0.05,%vol
6399,MAFUMEIRA,OUTLET LINE FROM OIL LACT UNIT TO MALONGO TERMINAL,CRUDE OIL,2025-02-02,05:00,MAFEXP-01,SEDIMENT,0.00,%vol
6398,MAFUMEIRA,OUTLET LINE FROM OIL LACT UNIT TO MALONGO TERMINAL,CRUDE OIL,2025-02-02,05:00,MAFEXP-01,SALT,5.00,lb/1000 bbl
6397,MAFUMEIRA,OUTLET LINE FROM OIL LACT UNIT TO MALONGO TERMINAL,CRUDE OIL,2025-01-15,04:30,MAFEXP-01,VAPOR PRESSURE,3.04,psi
6396,MAFUMEIRA,OUTLET LINE FROM OIL LACT UNIT TO MALONGO TERMINAL,CRUDE OIL,2025-01-15,04:30,MAFEXP-01,DENSITY @ 15C,0.86,g/cm^3
6395,MAFUMEIRA,OUTLET LINE FROM OIL LACT UNIT TO MALONGO TERMINAL,CRUDE OIL,2025-01-15,04:30,MAFEXP-01,BS&W,0.05,%vol
6394,MAFUMEIRA,OUTLET LINE FROM OIL LACT UNIT TO MALONGO TERMINAL,CRUDE OIL,2025-01-15,04:30,MAFEXP-01,WATER,0.05,%vol
6393,MAFUMEIRA,OUTLET LINE FROM OIL LACT UNIT TO MALONGO TERMINAL,CRUDE OIL,2025-01-15,04:30,MAFEXP-01,EMUL (NOEB),0.05,%vol
6392,MAFUMEIRA,OUTLET LINE FROM OIL LACT UNIT TO MALONGO TERMINAL,CRUDE OIL,2025-01-15,04:30,MAFEXP-01,SEDIMENT,0.00,%vol
6391,MAFUMEIRA,OUTLET LINE FROM OIL LACT UNIT TO MALONGO TERMINAL,CRUDE OIL,2025-01-15,04:30,MAFEXP-01,SALT,9.00,lb/1000 bbl
6390,MALONGO TERMINAL,OUTLET LINE FROM OIL LACT,CRUDE OIL,2025-01-16,04:36,MAFEXP-01,VAPOR PRESSURE,2.90,psi
6389,MALONGO TERMINAL,OUTLET LINE FROM OIL LACT,CRUDE OIL,2025-01-16,04:36,MAFEXP-01,DENSITY @ 15°C,0.86,g/cm^3
6388,MALONGO TERMINAL,OUTLET LINE FROM OIL LACT,CRUDE OIL,2025-01-16,04:36,MAFEXP-01,BS&W,0.05,%vol
6387,MALONGO TERMINAL,OUTLET LINE FROM OIL LACT,CRUDE OIL,2025-01-16,04:36,MAFEXP-01,WATER,0.05,%vol
6386,MALONGO TERMINAL,OUTLET LINE FROM OIL LACT,CRUDE OIL,2025-01-16,04:36,MAFEXP-01,EMUL,0.05,%vol
6385,MALONGO TERMINAL,OUTLET LINE FROM OIL LACT,CRUDE OIL,2025-01-16,04:36,MAFEXP-01,SEDIMENT,0.00,%vol
6384,MALONGO TERMINAL,OUTLET LINE FROM OIL LACT,CRUDE OIL,2025-01-16,04:36,MAFEXP-01,SALT,10.00,lb/1000 bbl
6383,MAFUMEIRA,OUTLET LINE FROM OIL LACT UNIT TO MALONGO TERMINAL,CRUDE OIL,2025-01-09,05:00,MAFEXP-01,VAPOR PRESSURE,2.38,psi
6382,MAFUMEIRA,OUTLET LINE FROM OIL LACT UNIT TO MALONGO TERMINAL,CRUDE OIL,2025-01-09,05:00,MAFEXP-01,DENSITY @ 15C,0.87,g/cm^3
6381,MAFUMEIRA,OUTLET LINE FROM OIL LACT UNIT TO MALONGO TERMINAL,CRUDE OIL,2025-01-09,05:00,MAFEXP-01,BS&W,0.10,%vol
6380,MAFUMEIRA,OUTLET LINE FROM OIL LACT UNIT TO MALONGO TERMINAL,CRUDE OIL,2025-01-09,05:00,MAFEXP-01,WATER,0.10,%vol
6379,MAFUMEIRA,OUTLET LINE FROM OIL LACT UNIT TO MALONGO TERMINAL,CRUDE OIL,2025-01-09,05:00,MAFEXP-01,EMULSION,0.05,%vol
6378,MAFUMEIRA,OUTLET LINE FROM OIL LACT UNIT TO MALONGO TERMINAL,CRUDE OIL,2025-01-09,05:00,MAFEXP-01,SEDIMENT,0.00,%vol
6377,MAFUMEIRA,OUTLET LINE FROM OIL LACT UNIT TO MALONGO TERMINAL,CRUDE OIL,2025-01-09,05:00,MAFEXP-01,SALT,20.00,lb/1000 bbl
6376,MALONGO TERMINAL,OUTLET LINE FROM OIL LACT,CRUDE OIL,2025-02-01,05:00,MAFEXP-01,VAPOR PRESSURE,2.63,psi
6375,MALONGO TERMINAL,OUTLET LINE FROM OIL LACT,CRUDE OIL,2025-02-01,05:00,MAFEXP-01,DENSITY @ 15°C,0.86,g/cm^3
6374,MALONGO TERMINAL,OUTLET LINE FROM OIL LACT,CRUDE OIL,2025-02-01,05:00,MAFEXP-01,BS&W,0.05,%vol
6373,MALONGO TERMINAL,OUTLET LINE FROM OIL LACT,CRUDE OIL,2025-02-01,05:00,MAFEXP-01,WATER,0.05,%vol
6372,MALONGO TERMINAL,OUTLET LINE FROM OIL LACT,CRUDE OIL,2025-02-01,05:00,MAFEXP-01,EMUL (NOEB),0.05,%vol
6371,MALONGO TERMINAL,OUTLET LINE FROM OIL LACT,CRUDE OIL,2025-02-01,05:00,MAFEXP-01,SEDIMENT,0.00,%vol
6370,MALONGO TERMINAL,OUTLET LINE FROM OIL LACT,CRUDE OIL,2025-02-01,05:00,MAFEXP-01,SALT,12.00,lb/1000 bbl
6369,MAFUMEIRA,OUTLET LINE FROM OIL LACT UNIT TO MALONGO TERMINAL,CRUDE OIL,2025-01-05,05:00,MAFEXP-01,VAPOR PRESSURE,2.87,psi
6368,MAFUMEIRA,OUTLET LINE FROM OIL LACT UNIT TO MALONGO TERMINAL,CRUDE OIL,2025-01-05,05:00,MAFEXP-01,DENSITY @ 15°C,0.86,g/cm³
6367,MAFUMEIRA,OUTLET LINE FROM OIL LACT UNIT TO MALONGO TERMINAL,CRUDE OIL,2025-01-05,05:00,MAFEXP-01,BS&W,0.05,%vol
6366,MAFUMEIRA,OUTLET LINE FROM OIL LACT UNIT TO MALONGO TERMINAL,CRUDE OIL,2025-01-05,05:00,MAFEXP-01,WATER,0.05,%vol
6365,MAFUMEIRA,OUTLET LINE FROM OIL LACT UNIT TO MALONGO TERMINAL,CRUDE OIL,2025-01-05,05:00,MAFEXP-01,EMUL,0.05,%vol
6364,MAFUMEIRA,OUTLET LINE FROM OIL LACT UNIT TO MALONGO TERMINAL,CRUDE OIL,2025-01-05,05:00,MAFEXP-01,SEDIMENT,0.00,%vol
6363,MAFUMEIRA,OUTLET LINE FROM OIL LACT UNIT TO MALONGO TERMINAL,CRUDE OIL,2025-01-05,05:00,MAFEXP-01,SALT,12.00,lb/1000 bbl
6362,MALONGO TERMINAL,OUTLET LINE FROM OIL LACT,CRUDE OIL,2025-01-13,04:30,MAFEXP-01,VAPOR PRESSURE,2.69,psi
6361,MALONGO TERMINAL,OUTLET LINE FROM OIL LACT,CRUDE OIL,2025-01-13,04:30,MAFEXP-01,DENSITY @ 15°C,0.86,g/cm³
6360,MALONGO TERMINAL,OUTLET LINE FROM OIL LACT,CRUDE OIL,2025-01-13,04:30,MAFEXP-01,BS&W,0.05,%vol
6359,MALONGO TERMINAL,OUTLET LINE FROM OIL LACT,CRUDE OIL,2025-01-13,04:30,MAFEXP-01,WATER,0.05,%vol
6358,MALONGO TERMINAL,OUTLET LINE FROM OIL LACT,CRUDE OIL,2025-01-13,04:30,MAFEXP-01,EMUL (NOEB),0.05,%vol
6357,MALONGO TERMINAL,OUTLET LINE FROM OIL LACT,CRUDE OIL,2025-01-13,04:30,MAFEXP-01,SEDIMENT,0.00,%vol
6356,MALONGO TERMINAL,OUTLET LINE FROM OIL LACT,CRUDE OIL,2025-01-13,04:30,MAFEXP-01,SALT,14.00,lb/1000 bbl
6355,MAFUMEIRA,OUTLET LINE FROM OIL LACT UNIT TO MALONGO TERMINAL,CRUDE OIL,2025-01-08,05:00,MAFEXP-01,VAPOR PRESSURE,2.24,psi
6354,MAFUMEIRA,OUTLET LINE FROM OIL LACT UNIT TO MALONGO TERMINAL,CRUDE OIL,2025-01-08,05:00,MAFEXP-01,DENSITY @ 15C,0.86,g/cm^3
6353,MAFUMEIRA,OUTLET LINE FROM OIL LACT UNIT TO MALONGO TERMINAL,CRUDE OIL,2025-01-08,05:00,MAFEXP-01,BS&W,0.05,%vol
6352,MAFUMEIRA,OUTLET LINE FROM OIL LACT UNIT TO MALONGO TERMINAL,CRUDE OIL,2025-01-08,05:00,MAFEXP-01,WATER,0.05,%vol
6351,MAFUMEIRA,OUTLET LINE FROM OIL LACT UNIT TO MALONGO TERMINAL,CRUDE OIL,2025-01-08,05:00,MAFEXP-01,EMULSION,0.05,%vol
6350,MAFUMEIRA,OUTLET LINE FROM OIL LACT UNIT TO MALONGO TERMINAL,CRUDE OIL,2025-01-08,05:00,MAFEXP-01,SEDIMENT,0.00,%vol
6349,MAFUMEIRA,OUTLET LINE FROM OIL LACT UNIT TO MALONGO TERMINAL,CRUDE OIL,2025-01-08,05:00,MAFEXP-01,SALT,9.00,lb/1000 bbl
6348,MAFUMEIRA,OUTLET LINE FROM OIL LACT,CRUDE OIL,2025-01-14,04:40,MAFEXP-01,VAPOR PRESSURE,2.85,psi
6347,MAFUMEIRA,OUTLET LINE FROM OIL LACT,CRUDE OIL,2025-01-14,04:40,MAFEXP-01,DENSITY @ 15°C,0.86,g/cm³
6346,MAFUMEIRA,OUTLET LINE FROM OIL LACT,CRUDE OIL,2025-01-14,04:40,MAFEXP-01,BS&W,0.05,%vol
6345,MAFUMEIRA,OUTLET LINE FROM OIL LACT,CRUDE OIL,2025-01-14,04:40,MAFEXP-01,WATER,0.05,% (v/v)
6344,MAFUMEIRA,OUTLET LINE FROM OIL LACT,CRUDE OIL,2025-01-14,04:40,MAFEXP-01,EMUL (NOEB),0.05,% (v/v)
6343,MAFUMEIRA,OUTLET LINE FROM OIL LACT,CRUDE OIL,2025-01-14,04:40,MAFEXP-01,SEDIMENT,0.00,%vol
6342,MAFUMEIRA,OUTLET LINE FROM OIL LACT,CRUDE OIL,2025-01-14,04:40,MAFEXP-01,SALT,7.00,lb/1000 bbl
6341,MAFUMEIRA,OUTLET LINE FROM OIL LACT UNIT TO MALONGO TERMINAL,CRUDE OIL,2025-01-04,05:00,MAFEXP-01,SPECIFIC GRAVITY,0.87,(dimensionless)
6340,MAFUMEIRA,OUTLET LINE FROM OIL LACT UNIT TO MALONGO TERMINAL,CRUDE OIL,2025-01-04,05:00,MAFEXP-01,VAPOR PRESSURE,2.73,psi
6339,MAFUMEIRA,OUTLET LINE FROM OIL LACT UNIT TO MALONGO TERMINAL,CRUDE OIL,2025-01-04,05:00,MAFEXP-01,DENSITY @ 15°C,0.87,g/cm³
6338,MAFUMEIRA,OUTLET LINE FROM OIL LACT UNIT TO MALONGO TERMINAL,CRUDE OIL,2025-01-04,05:00,MAFEXP-01,API,31.70,°API (unitless)
6337,MAFUMEIRA,OUTLET LINE FROM OIL LACT UNIT TO MALONGO TERMINAL,CRUDE OIL,2025-01-04,05:00,MAFEXP-01,BS&W,0.10,%vol
6336,MAFUMEIRA,OUTLET LINE FROM OIL LACT UNIT TO MALONGO TERMINAL,CRUDE OIL,2025-01-04,05:00,MAFEXP-01,WATER,0.10,%vol
6335,MAFUMEIRA,OUTLET LINE FROM OIL LACT UNIT TO MALONGO TERMINAL,CRUDE OIL,2025-01-04,05:00,MAFEXP-01,EMUL (NOEB),0.05,%vol
6334,MAFUMEIRA,OUTLET LINE FROM OIL LACT UNIT TO MALONGO TERMINAL,CRUDE OIL,2025-01-04,05:00,MAFEXP-01,SEDIMENT,0.00,%vol
6333,MAFUMEIRA,OUTLET LINE FROM OIL LACT UNIT TO MALONGO TERMINAL,CRUDE OIL,2025-01-04,05:00,MAFEXP-01,SALT,32.00,lb/1000 bbl
6332,MAFUMEIRA,OUTLET LINE FROM OIL LACT UNIT TO MALONGO TERMINAL,CRUDE OIL,2025-01-06,05:00,MAFEXP-01,VAPOR PRESSURE,2.45,psi
6331,MAFUMEIRA,OUTLET LINE FROM OIL LACT UNIT TO MALONGO TERMINAL,CRUDE OIL,2025-01-06,05:00,MAFEXP-01,DENSITY @ 15C,0.86,g/cm^3
6330,MAFUMEIRA,OUTLET LINE FROM OIL LACT UNIT TO MALONGO TERMINAL,CRUDE OIL,2025-01-06,05:00,MAFEXP-01,API,32.30,°API
6329,MAFUMEIRA,OUTLET LINE FROM OIL LACT UNIT TO MALONGO TERMINAL,CRUDE OIL,2025-01-06,05:00,MAFEXP-01,BS&W,0.05,%vol
6328,MAFUMEIRA,OUTLET LINE FROM OIL LACT UNIT TO MALONGO TERMINAL,CRUDE OIL,2025-01-06,05:00,MAFEXP-01,WATER,0.05,%vol
6327,MAFUMEIRA,OUTLET LINE FROM OIL LACT UNIT TO MALONGO TERMINAL,CRUDE OIL,2025-01-06,05:00,MAFEXP-01,EMULSION,0.05,%vol
6326,MAFUMEIRA,OUTLET LINE FROM OIL LACT UNIT TO MALONGO TERMINAL,CRUDE OIL,2025-01-06,05:00,MAFEXP-01,SEDIMENT,0.00,%vol
6325,MAFUMEIRA,OUTLET LINE FROM OIL LACT UNIT TO MALONGO TERMINAL,CRUDE OIL,2025-01-06,05:00,MAFEXP-01,SALT,15.00,lb/1000 bbl
6324,MALONGO TERMINAL,OUTLET LINE FROM OIL LACT,CRUDE OIL,2025-01-10,04:20,MAFEXP-01,VAPOR PRESSURE,2.67,psi
6323,MALONGO TERMINAL,OUTLET LINE FROM OIL LACT,CRUDE OIL,2025-01-10,04:20,MAFEXP-01,DENSITY @ 15°C,0.86,g/cm³
6322,MALONGO TERMINAL,OUTLET LINE FROM OIL LACT,CRUDE OIL,2025-01-10,04:20,MAFEXP-01,BS&W,0.05,%vol
6321,MALONGO TERMINAL,OUTLET LINE FROM OIL LACT,CRUDE OIL,2025-01-10,04:20,MAFEXP-01,WATER,0.05,%vol
6320,MALONGO TERMINAL,OUTLET LINE FROM OIL LACT,CRUDE OIL,2025-01-10,04:20,MAFEXP-01,EMUL,0.05,%vol
6319,MALONGO TERMINAL,OUTLET LINE FROM OIL LACT,CRUDE OIL,2025-01-10,04:20,MAFEXP-01,SEDIMENT,0.00,%vol
6318,MALONGO TERMINAL,OUTLET LINE FROM OIL LACT,CRUDE OIL,2025-01-10,04:20,MAFEXP-01,SALT,10.00,lb/1000 bbl
6317,MAFUMEIRA,OUTLET LINE FROM OIL LACT UNIT TO MALONGO TERMINAL,CRUDE OIL,2025-01-07,05:00,MAFEXP-01,VAPOR PRESSURE,2.70,psi
6316,MAFUMEIRA,OUTLET LINE FROM OIL LACT UNIT TO MALONGO TERMINAL,CRUDE OIL,2025-01-07,05:00,MAFEXP-01,DENSITY @ 15C,0.86,g/cm^3
6315,MAFUMEIRA,OUTLET LINE FROM OIL LACT UNIT TO MALONGO TERMINAL,CRUDE OIL,2025-01-07,05:00,MAFEXP-01,BS&W,0.05,%vol
6314,MAFUMEIRA,OUTLET LINE FROM OIL LACT UNIT TO MALONGO TERMINAL,CRUDE OIL,2025-01-07,05:00,MAFEXP-01,WATER,0.05,%vol
6313,MAFUMEIRA,OUTLET LINE FROM OIL LACT UNIT TO MALONGO TERMINAL,CRUDE OIL,2025-01-07,05:00,MAFEXP-01,EMULSION,0.05,%vol
6312,MAFUMEIRA,OUTLET LINE FROM OIL LACT UNIT TO MALONGO TERMINAL,CRUDE OIL,2025-01-07,05:00,MAFEXP-01,SEDIMENT,0.00,%vol
6311,MAFUMEIRA,OUTLET LINE FROM OIL LACT UNIT TO MALONGO TERMINAL,CRUDE OIL,2025-01-07,05:00,MAFEXP-01,SALT,11.00,lb/1000 bbl
6310,MAFUMEIRA,OUTLET LINE FROM OIL LACT UNIT TO MALONGO TERMINAL,CRUDE OIL,2025-02-12,05:00,MAFEXP-01,VAPOR PRESSURE,2.55,psi
6309,MAFUMEIRA,OUTLET LINE FROM OIL LACT UNIT TO MALONGO TERMINAL,CRUDE OIL,2025-02-12,05:00,MAFEXP-01,DENSITY @ 15C,0.86,g/cm^3
6308,MAFUMEIRA,OUTLET LINE FROM OIL LACT UNIT TO MALONGO TERMINAL,CRUDE OIL,2025-02-12,05:00,MAFEXP-01,BS&W,0.05,%vol
6307,MAFUMEIRA,OUTLET LINE FROM OIL LACT UNIT TO MALONGO TERMINAL,CRUDE OIL,2025-02-12,05:00,MAFEXP-01,WATER,0.05,%vol
6306,MAFUMEIRA,OUTLET LINE FROM OIL LACT UNIT TO MALONGO TERMINAL,CRUDE OIL,2025-02-12,05:00,MAFEXP-01,EMULSION,0.05,%vol
6305,MAFUMEIRA,OUTLET LINE FROM OIL LACT UNIT TO MALONGO TERMINAL,CRUDE OIL,2025-02-12,05:00,MAFEXP-01,SEDIMENT,0.00,%vol
6304,MAFUMEIRA,OUTLET LINE FROM OIL LACT UNIT TO MALONGO TERMINAL,CRUDE OIL,2025-02-12,05:00,MAFEXP-01,SALT,12.00,lb/1000 bbl
6303,MAFUMEIRA,OUTLET LINE FROM OIL LACT UNIT TO MALONGO TERMINAL,CRUDE OIL,2025-01-29,05:00,MAFEXP-01,VAPOR PRESSURE,2.54,psi
6302,MAFUMEIRA,OUTLET LINE FROM OIL LACT UNIT TO MALONGO TERMINAL,CRUDE OIL,2025-01-29,05:00,MAFEXP-01,DENSITY @ 15°C,0.86,g/cm^3
6301,MAFUMEIRA,OUTLET LINE FROM OIL LACT UNIT TO MALONGO TERMINAL,CRUDE OIL,2025-01-29,05:00,MAFEXP-01,BS&W,0.05,%vol
6300,MAFUMEIRA,OUTLET LINE FROM OIL LACT UNIT TO MALONGO TERMINAL,CRUDE OIL,2025-01-29,05:00,MAFEXP-01,WATER,0.05,%vol
6299,MAFUMEIRA,OUTLET LINE FROM OIL LACT UNIT TO MALONGO TERMINAL,CRUDE OIL,2025-01-29,05:00,MAFEXP-01,EMUL (NOEB),0.05,%vol
6298,MAFUMEIRA,OUTLET LINE FROM OIL LACT UNIT TO MALONGO TERMINAL,CRUDE OIL,2025-01-29,05:00,MAFEXP-01,SEDIMENT,0.00,%vol
6297,MAFUMEIRA,OUTLET LINE FROM OIL LACT UNIT TO MALONGO TERMINAL,CRUDE OIL,2025-01-29,05:00,MAFEXP-01,SALT,6.00,lb/1000 bbl
6296,MAFUMEIRA,OUTLET LINE FROM OIL LACT UNIT TO MALONGO TERMINAL,CRUDE OIL,2025-01-31,05:00,MAFEXP-01,VAPOR PRESSURE,2.56,psi
6295,MAFUMEIRA,OUTLET LINE FROM OIL LACT UNIT TO MALONGO TERMINAL,CRUDE OIL,2025-01-31,05:00,MAFEXP-01,DENSITY @ 15C,0.86,g/cm^3
6294,MAFUMEIRA,OUTLET LINE FROM OIL LACT UNIT TO MALONGO TERMINAL,CRUDE OIL,2025-01-31,05:00,MAFEXP-01,BS&W,0.05,%vol
6293,MAFUMEIRA,OUTLET LINE FROM OIL LACT UNIT TO MALONGO TERMINAL,CRUDE OIL,2025-01-31,05:00,MAFEXP-01,WATER,0.05,%vol
6292,MAFUMEIRA,OUTLET LINE FROM OIL LACT UNIT TO MALONGO TERMINAL,CRUDE OIL,2025-01-31,05:00,MAFEXP-01,EMUL (NOEB),0.05,%vol
6291,MAFUMEIRA,OUTLET LINE FROM OIL LACT UNIT TO MALONGO TERMINAL,CRUDE OIL,2025-01-31,05:00,MAFEXP-01,SEDIMENT,0.00,%vol
6290,MAFUMEIRA,OUTLET LINE FROM OIL LACT UNIT TO MALONGO TERMINAL,CRUDE OIL,2025-01-31,05:00,MAFEXP-01,SALT,8.00,lb/1000 bbl
6289,MAFUMEIRA,OUTLET LINE FROM OIL LACT UNIT TO MALONGO TERMINAL,CRUDE OIL,2025-02-09,05:00,MAFEXP-01,VAPOR PRESSURE,2.49,psi
6288,MAFUMEIRA,OUTLET LINE FROM OIL LACT UNIT TO MALONGO TERMINAL,CRUDE OIL,2025-02-09,05:00,MAFEXP-01,DENSITY @ 15°C,0.86,g/cm^3
6287,MAFUMEIRA,OUTLET LINE FROM OIL LACT UNIT TO MALONGO TERMINAL,CRUDE OIL,2025-02-09,05:00,MAFEXP-01,BS&W,0.05,%vol
6286,MAFUMEIRA,OUTLET LINE FROM OIL LACT UNIT TO MALONGO TERMINAL,CRUDE OIL,2025-02-09,05:00,MAFEXP-01,WATER,0.05,%vol
6285,MAFUMEIRA,OUTLET LINE FROM OIL LACT UNIT TO MALONGO TERMINAL,CRUDE OIL,2025-02-09,05:00,MAFEXP-01,EMUL,0.05,%vol
6284,MAFUMEIRA,OUTLET LINE FROM OIL LACT UNIT TO MALONGO TERMINAL,CRUDE OIL,2025-02-09,05:00,MAFEXP-01,SEDIMENT,0.00,%vol
6283,MAFUMEIRA,OUTLET LINE FROM OIL LACT UNIT TO MALONGO TERMINAL,CRUDE OIL,2025-02-09,05:00,MAFEXP-01,SALT,6.00,lb/1000 bbl
6282,MAFUMEIRA,OUTLET LINE FROM OIL LACT UNIT TO MALONGO TERMINAL,CRUDE OIL,2025-02-13,05:00,MAFEXP-01,VAPOR PRESSURE,2.66,psi
6281,MAFUMEIRA,OUTLET LINE FROM OIL LACT UNIT TO MALONGO TERMINAL,CRUDE OIL,2025-02-13,05:00,MAFEXP-01,DENSITY @ 15C,0.86,g/cm^3
6280,MAFUMEIRA,OUTLET LINE FROM OIL LACT UNIT TO MALONGO TERMINAL,CRUDE OIL,2025-02-13,05:00,MAFEXP-01,BS&W,0.05,%vol
6279,MAFUMEIRA,OUTLET LINE FROM OIL LACT UNIT TO MALONGO TERMINAL,CRUDE OIL,2025-02-13,05:00,MAFEXP-01,WATER,0.05,%vol
6278,MAFUMEIRA,OUTLET LINE FROM OIL LACT UNIT TO MALONGO TERMINAL,CRUDE OIL,2025-02-13,05:00,MAFEXP-01,EMULSION,0.05,%vol
6277,MAFUMEIRA,OUTLET LINE FROM OIL LACT UNIT TO MALONGO TERMINAL,CRUDE OIL,2025-02-13,05:00,MAFEXP-01,SEDIMENT,0.00,%vol
6276,MAFUMEIRA,OUTLET LINE FROM OIL LACT UNIT TO MALONGO TERMINAL,CRUDE OIL,2025-02-13,05:00,MAFEXP-01,SALT,14.00,lb/1000 bbl
6275,MALONGO TERMINAL,OUTLET LINE FROM OIL LACT,CRUDE OIL,2025-02-08,05:00,MAFEXP-01,VAPOR PRESSURE,2.77,psi
6274,MALONGO TERMINAL,OUTLET LINE FROM OIL LACT,CRUDE OIL,2025-02-08,05:00,MAFEXP-01,DENSITY @ 15C,0.86,g/cm^3
6273,MALONGO TERMINAL,OUTLET LINE FROM OIL LACT,CRUDE OIL,2025-02-08,05:00,MAFEXP-01,BS&W,0.05,%vol
6272,MALONGO TERMINAL,OUTLET LINE FROM OIL LACT,CRUDE OIL,2025-02-08,05:00,MAFEXP-01,WATER,0.05,%vol
6271,MALONGO TERMINAL,OUTLET LINE FROM OIL LACT,CRUDE OIL,2025-02-08,05:00,MAFEXP-01,EMUL,0.05,%vol
6270,MALONGO TERMINAL,OUTLET LINE FROM OIL LACT,CRUDE OIL,2025-02-08,05:00,MAFEXP-01,SEDIMENT,0.00,%vol
6269,MALONGO TERMINAL,OUTLET LINE FROM OIL LACT,CRUDE OIL,2025-02-08,05:00,MAFEXP-01,SALT,5.00,lb/1000 bbl
6268,MALONGO TERMINAL,OUTLET LINE FROM OIL LACT,CRUDE OIL,2025-02-03,05:00,MAFEXP-01,VAPOR PRESSURE,2.63,psi
6267,MALONGO TERMINAL,OUTLET LINE FROM OIL LACT,CRUDE OIL,2025-02-03,05:00,MAFEXP-01,DENSITY @ 15C,0.86,g/cm^3
6266,MALONGO TERMINAL,OUTLET LINE FROM OIL LACT,CRUDE OIL,2025-02-03,05:00,MAFEXP-01,BS&W,0.05,%vol
6265,MALONGO TERMINAL,OUTLET LINE FROM OIL LACT,CRUDE OIL,2025-02-03,05:00,MAFEXP-01,WATER,0.05,%vol
6264,MALONGO TERMINAL,OUTLET LINE FROM OIL LACT,CRUDE OIL,2025-02-03,05:00,MAFEXP-01,EMULSION,0.05,%vol
6263,MALONGO TERMINAL,OUTLET LINE FROM OIL LACT,CRUDE OIL,2025-02-03,05:00,MAFEXP-01,SEDIMENT,0.00,%vol
6262,MALONGO TERMINAL,OUTLET LINE FROM OIL LACT,CRUDE OIL,2025-02-03,05:00,MAFEXP-01,SALT,6.00,lb/1000 bbl
6261,MAFUMEIRA,OUTLET LINE FROM OIL LACT UNIT TO MALONGO TERMINAL,CRUDE OIL,2025-01-18,04:00,MAFEXP-01,SPECIFIC GRAVITY,0.86,(dimensionless)
6260,MAFUMEIRA,OUTLET LINE FROM OIL LACT UNIT TO MALONGO TERMINAL,CRUDE OIL,2025-01-18,04:00,MAFEXP-01,VAPOR PRESSURE,2.14,psi
6259,MAFUMEIRA,OUTLET LINE FROM OIL LACT UNIT TO MALONGO TERMINAL,CRUDE OIL,2025-01-18,04:00,MAFEXP-01,DENSITY @ 15°C,0.86,g/cm³
6258,MAFUMEIRA,OUTLET LINE FROM OIL LACT UNIT TO MALONGO TERMINAL,CRUDE OIL,2025-01-18,04:00,MAFEXP-01,API,33.10,°API (unitless)
6257,MAFUMEIRA,OUTLET LINE FROM OIL LACT UNIT TO MALONGO TERMINAL,CRUDE OIL,2025-01-18,04:00,MAFEXP-01,BS&W,0.05,%vol
6256,MAFUMEIRA,OUTLET LINE FROM OIL LACT UNIT TO MALONGO TERMINAL,CRUDE OIL,2025-01-18,04:00,MAFEXP-01,WATER,0.05,%vol
6255,MAFUMEIRA,OUTLET LINE FROM OIL LACT UNIT TO MALONGO TERMINAL,CRUDE OIL,2025-01-18,04:00,MAFEXP-01,EMUL (NOEB),0.05,%vol
6254,MAFUMEIRA,OUTLET LINE FROM OIL LACT UNIT TO MALONGO TERMINAL,CRUDE OIL,2025-01-18,04:00,MAFEXP-01,SEDIMENT,0.00,%vol
6253,MAFUMEIRA,OUTLET LINE FROM OIL LACT UNIT TO MALONGO TERMINAL,CRUDE OIL,2025-01-18,04:00,MAFEXP-01,SALT,9.00,lb/1000 bbl
6252,MAFUMEIRA,OUTLET LINE FROM OIL LACT UNIT TO MALONGO TERMINAL,CRUDE OIL,2025-02-11,05:00,MAFEXP-01,VAPOR PRESSURE,2.68,psi
6251,MAFUMEIRA,OUTLET LINE FROM OIL LACT UNIT TO MALONGO TERMINAL,CRUDE OIL,2025-02-11,05:00,MAFEXP-01,DENSITY @ 15C,0.86,g/cm^3
6250,MAFUMEIRA,OUTLET LINE FROM OIL LACT UNIT TO MALONGO TERMINAL,CRUDE OIL,2025-02-11,05:00,MAFEXP-01,BS&W,0.05,%vol
6249,MAFUMEIRA,OUTLET LINE FROM OIL LACT UNIT TO MALONGO TERMINAL,CRUDE OIL,2025-02-11,05:00,MAFEXP-01,WATER,0.05,%vol
6248,MAFUMEIRA,OUTLET LINE FROM OIL LACT UNIT TO MALONGO TERMINAL,CRUDE OIL,2025-02-11,05:00,MAFEXP-01,EMULSION,0.05,%vol
6247,MAFUMEIRA,OUTLET LINE FROM OIL LACT UNIT TO MALONGO TERMINAL,CRUDE OIL,2025-02-11,05:00,MAFEXP-01,SEDIMENT,0.00,%vol
6246,MAFUMEIRA,OUTLET LINE FROM OIL LACT UNIT TO MALONGO TERMINAL,CRUDE OIL,2025-02-11,05:00,MAFEXP-01,SALT,12.00,lb/1000 bbl
6245,MAFUMEIRA,OUTLET LINE FROM OIL LACT,CRUDE OIL,2025-02-06,05:00,MAFEXP-01,VAPOR PRESSURE,2.66,psi
6244,MAFUMEIRA,OUTLET LINE FROM OIL LACT,CRUDE OIL,2025-02-06,05:00,MAFEXP-01,DENSITY @ 15°C,0.86,g/cm³
6243,MAFUMEIRA,OUTLET LINE FROM OIL LACT,CRUDE OIL,2025-02-06,05:00,MAFEXP-01,BS&W,0.05,%vol
6242,MAFUMEIRA,OUTLET LINE FROM OIL LACT,CRUDE OIL,2025-02-06,05:00,MAFEXP-01,WATER,0.05,%vol
6241,MAFUMEIRA,OUTLET LINE FROM OIL LACT,CRUDE OIL,2025-02-06,05:00,MAFEXP-01,EMUL,0.05,%vol
6240,MAFUMEIRA,OUTLET LINE FROM OIL LACT,CRUDE OIL,2025-02-06,05:00,MAFEXP-01,SEDIMENT,0.00,%vol
6239,MAFUMEIRA,OUTLET LINE FROM OIL LACT,CRUDE OIL,2025-02-06,05:00,MAFEXP-01,SALT,6.00,lb/1000 bbl
6238,MAFUMEIRA,OUTLET LINE FROM OIL LACT,CRUDE OIL,2025-02-10,05:00,MAFEXP-01,SPECIFIC GRAVITY,0.87,(dimensionless)
6237,MAFUMEIRA,OUTLET LINE FROM OIL LACT,CRUDE OIL,2025-02-10,05:00,MAFEXP-01,VAPOR PRESSURE,2.74,psi
6236,MAFUMEIRA,OUTLET LINE FROM OIL LACT,CRUDE OIL,2025-02-10,05:00,MAFEXP-01,DENSITY @ 15°C,0.87,g/cm³
6235,MAFUMEIRA,OUTLET LINE FROM OIL LACT,CRUDE OIL,2025-02-10,05:00,MAFEXP-01,API,31.80,°API (unitless)
6234,MAFUMEIRA,OUTLET LINE FROM OIL LACT,CRUDE OIL,2025-02-10,05:00,MAFEXP-01,BS&W,0.05,%vol
6233,MAFUMEIRA,OUTLET LINE FROM OIL LACT,CRUDE OIL,2025-02-10,05:00,MAFEXP-01,WATER,0.05,%vol
6232,MAFUMEIRA,OUTLET LINE FROM OIL LACT,CRUDE OIL,2025-02-10,05:00,MAFEXP-01,EMUL (NOEB),0.05,%vol
6231,MAFUMEIRA,OUTLET LINE FROM OIL LACT,CRUDE OIL,2025-02-10,05:00,MAFEXP-01,SEDIMENT,0.00,%vol
6230,MAFUMEIRA,OUTLET LINE FROM OIL LACT,CRUDE OIL,2025-02-10,05:00,MAFEXP-01,SALT,16.00,lb/1000 bbl
6229,MAFUMEIRA,OUTLET LINE FROM OIL LACT UNIT TO MALONGO TERMINAL,CRUDE OIL,2025-02-05,05:00,MAFEXP-01,VAPOR PRESSURE,2.65,psi
6228,MAFUMEIRA,OUTLET LINE FROM OIL LACT UNIT TO MALONGO TERMINAL,CRUDE OIL,2025-02-05,05:00,MAFEXP-01,DENSITY @ 15C,0.86,g/cm^3
6227,MAFUMEIRA,OUTLET LINE FROM OIL LACT UNIT TO MALONGO TERMINAL,CRUDE OIL,2025-02-05,05:00,MAFEXP-01,BS&W,0.05,%vol
6226,MAFUMEIRA,OUTLET LINE FROM OIL LACT UNIT TO MALONGO TERMINAL,CRUDE OIL,2025-02-05,05:00,MAFEXP-01,WATER,0.05,%vol
6225,MAFUMEIRA,OUTLET LINE FROM OIL LACT UNIT TO MALONGO TERMINAL,CRUDE OIL,2025-02-05,05:00,MAFEXP-01,EMUL,0.05,%vol
6224,MAFUMEIRA,OUTLET LINE FROM OIL LACT UNIT TO MALONGO TERMINAL,CRUDE OIL,2025-02-05,05:00,MAFEXP-01,SEDIMENT,0.00,%vol
6223,MAFUMEIRA,OUTLET LINE FROM OIL LACT UNIT TO MALONGO TERMINAL,CRUDE OIL,2025-02-05,05:00,MAFEXP-01,SALT,6.00,lb/1000 bbl
6222,MAFUMEIRA,OUTLET LINE FROM OIL LACT UNIT TO MALONGO TERMINAL,CRUDE OIL,2025-02-07,05:00,MAFEXP-01,VAPOR PRESSURE,2.83,psi
6221,MAFUMEIRA,OUTLET LINE FROM OIL LACT UNIT TO MALONGO TERMINAL,CRUDE OIL,2025-02-07,05:00,MAFEXP-01,DENSITY @ 15C,0.86,g/cm^3
6220,MAFUMEIRA,OUTLET LINE FROM OIL LACT UNIT TO MALONGO TERMINAL,CRUDE OIL,2025-02-07,05:00,MAFEXP-01,BS&W,0.05,%vol
6219,MAFUMEIRA,OUTLET LINE FROM OIL LACT UNIT TO MALONGO TERMINAL,CRUDE OIL,2025-02-07,05:00,MAFEXP-01,WATER,0.05,%vol
6218,MAFUMEIRA,OUTLET LINE FROM OIL LACT UNIT TO MALONGO TERMINAL,CRUDE OIL,2025-02-07,05:00,MAFEXP-01,EMULSION,0.05,%vol
6217,MAFUMEIRA,OUTLET LINE FROM OIL LACT UNIT TO MALONGO TERMINAL,CRUDE OIL,2025-02-07,05:00,MAFEXP-01,SEDIMENT,0.00,%vol
6216,MAFUMEIRA,OUTLET LINE FROM OIL LACT UNIT TO MALONGO TERMINAL,CRUDE OIL,2025-02-07,05:00,MAFEXP-01,SALT,6.00,lb/1000 bbl
6215,MALONGO TERMINAL,OUTLET LINE FROM OIL LACT UNIT TO MALONGO TERMINAL,CRUDE OIL,2025-01-28,05:00,MAFEXP-01,VAPOR PRESSURE,2.48,psi
6214,MALONGO TERMINAL,OUTLET LINE FROM OIL LACT UNIT TO MALONGO TERMINAL,CRUDE OIL,2025-01-28,05:00,MAFEXP-01,DENSITY @ 15C,0.86,g/cm^3
6213,MALONGO TERMINAL,OUTLET LINE FROM OIL LACT UNIT TO MALONGO TERMINAL,CRUDE OIL,2025-01-28,05:00,MAFEXP-01,BS&W,0.20,%vol
6212,MALONGO TERMINAL,OUTLET LINE FROM OIL LACT UNIT TO MALONGO TERMINAL,CRUDE OIL,2025-01-28,05:00,MAFEXP-01,WATER,0.20,%vol
6211,MALONGO TERMINAL,OUTLET LINE FROM OIL LACT UNIT TO MALONGO TERMINAL,CRUDE OIL,2025-01-28,05:00,MAFEXP-01,EMULSION,0.10,%vol
6210,MALONGO TERMINAL,OUTLET LINE FROM OIL LACT UNIT TO MALONGO TERMINAL,CRUDE OIL,2025-01-28,05:00,MAFEXP-01,SEDIMENT,0.00,%vol
6209,MALONGO TERMINAL,OUTLET LINE FROM OIL LACT UNIT TO MALONGO TERMINAL,CRUDE OIL,2025-01-28,05:00,MAFEXP-01,SALT,63.00,lb/1000 bbl
6208,MALONGO TERMINAL,OUTLET LINE FROM OIL LACT UNIT TO MALONGO TERMINAL,CRUDE OIL,2025-01-28,16:00,MAFEXP-01,BS&W,0.05,%vol
6207,MALONGO TERMINAL,OUTLET LINE FROM OIL LACT UNIT TO MALONGO TERMINAL,CRUDE OIL,2025-01-28,16:00,MAFEXP-01,WATER,0.05,%vol
6206,MALONGO TERMINAL,OUTLET LINE FROM OIL LACT UNIT TO MALONGO TERMINAL,CRUDE OIL,2025-01-28,16:00,MAFEXP-01,EMULSION,0.05,%vol
6205,MALONGO TERMINAL,OUTLET LINE FROM OIL LACT UNIT TO MALONGO TERMINAL,CRUDE OIL,2025-01-28,16:00,MAFEXP-01,SEDIMENT,0.00,%vol
6204,MALONGO TERMINAL,OUTLET LINE FROM OIL LACT UNIT TO MALONGO TERMINAL,CRUDE OIL,2025-01-28,16:00,MAFEXP-01,SALT,7.00,lb/1000 bbl
6203,MAFUMEIRA,OUTLET LINE FROM OIL LACT UNIT TO MALONGO TERMINAL,CRUDE OIL,2025-03-13,04:00,MAFEXP-01,VAPOR PRESSURE,3.06,psi
6202,MAFUMEIRA,OUTLET LINE FROM OIL LACT UNIT TO MALONGO TERMINAL,CRUDE OIL,2025-03-13,04:00,MAFEXP-01,DENSITY @ 15C,0.86,g/cm^3
6201,MAFUMEIRA,OUTLET LINE FROM OIL LACT UNIT TO MALONGO TERMINAL,CRUDE OIL,2025-03-13,04:00,MAFEXP-01,BS&W,0.05,%vol
6200,MAFUMEIRA,OUTLET LINE FROM OIL LACT UNIT TO MALONGO TERMINAL,CRUDE OIL,2025-03-13,04:00,MAFEXP-01,WATER,0.05,%vol
6199,MAFUMEIRA,OUTLET LINE FROM OIL LACT UNIT TO MALONGO TERMINAL,CRUDE OIL,2025-03-13,04:00,MAFEXP-01,EMULSION,0.05,%vol
6198,MAFUMEIRA,OUTLET LINE FROM OIL LACT UNIT TO MALONGO TERMINAL,CRUDE OIL,2025-03-13,04:00,MAFEXP-01,SEDIMENT,0.00,%vol
6197,MAFUMEIRA,OUTLET LINE FROM OIL LACT UNIT TO MALONGO TERMINAL,CRUDE OIL,2025-03-13,04:00,MAFEXP-01,SALT,8.00,lb/1000 bbl
6196,MAFUMEIRA,OUTLET LINE FROM OIL LACT UNIT TO MALONGO TE,CRUDE OIL,2025-03-22,5:00 AM,MAFEXP-01,SPECIFIC GRAVITY,0.86,(dimensionless)
6195,MAFUMEIRA,OUTLET LINE FROM OIL LACT UNIT TO MALONGO TE,CRUDE OIL,2025-03-22,5:00 AM,MAFEXP-01,DENSITY,0.86,g/cm3
6194,MAFUMEIRA,OUTLET LINE FROM OIL LACT UNIT TO MALONGO TE,CRUDE OIL,2025-03-22,5:00 AM,MAFEXP-01,API@60,0.86,degrees
6193,MAFUMEIRA,OUTLET LINE FROM OIL LACT UNIT TO MALONGO TE,CRUDE OIL,2025-03-22,5:00 AM,MAFEXP-01,OIL GREASE,2.00,mg/L
6192,MAFUMEIRA,OUTLET LINE FROM OIL LACT UNIT TO MALONGO TE,CRUDE OIL,2025-03-22,5:00 AM,MAFEXP-01,VAPOR PRESSURE,33.60,psi
6191,MAFUMEIRA,OUTLET LINE FROM OIL LACT UNIT TO MALONGO TE,CRUDE OIL,2025-03-22,5:00 AM,MAFEXP-01,TOTAL SULFUR,2.80,% (w/w)
6190,MAFUMEIRA,OUTLET LINE FROM OIL LACT UNIT TO MALONGO TE,CRUDE OIL,2025-03-22,5:00 AM,MAFEXP-01,SALT,7.00,lbs/1000
6189,MAFUMEIRA,OUTLET LINE FROM OIL LACT UNIT TO MALONGO TE,CRUDE OIL,2025-03-22,5:00 AM,MAFEXP-01,BS&W,0.05,% (v/v)
6188,MAFUMEIRA,OUTLET LINE FROM OIL LACT UNIT TO MALONGO TE,CRUDE OIL,2025-03-22,5:00 AM,MAFEXP-01,WATER,0.05,% (v/v)
6187,MAFUMEIRA,OUTLET LINE FROM OIL LACT UNIT TO MALONGO TE,CRUDE OIL,2025-03-22,5:00 AM,MAFEXP-01,EMUL (NOEB),0.05,% (v/v)
6186,MAFUMEIRA,OUTLET LINE FROM OIL LACT UNIT TO MALONGO TE,CRUDE OIL,2025-03-22,5:00 AM,MAFEXP-01,SEDIMENT,0.00,% (v)
6185,MAFUMEIRA,OUTLET LINE FROM OIL LACT UNIT TO MALONGO TERMINAL,CRUDE OIL,2025-03-15,04:00,MAFEXP-01,VAPOR PRESSURE,2.67,psi
6184,MAFUMEIRA,OUTLET LINE FROM OIL LACT UNIT TO MALONGO TERMINAL,CRUDE OIL,2025-03-15,04:00,MAFEXP-01,DENSITY @ 15C,0.86,g/cm^3
6183,MAFUMEIRA,OUTLET LINE FROM OIL LACT UNIT TO MALONGO TERMINAL,CRUDE OIL,2025-03-15,04:00,MAFEXP-01,BS&W,0.05,%vol
6182,MAFUMEIRA,OUTLET LINE FROM OIL LACT UNIT TO MALONGO TERMINAL,CRUDE OIL,2025-03-15,04:00,MAFEXP-01,WATER,0.05,%vol
6181,MAFUMEIRA,OUTLET LINE FROM OIL LACT UNIT TO MALONGO TERMINAL,CRUDE OIL,2025-03-15,04:00,MAFEXP-01,EMUL (NOEB),0.05,%vol
6180,MAFUMEIRA,OUTLET LINE FROM OIL LACT UNIT TO MALONGO TERMINAL,CRUDE OIL,2025-03-15,04:00,MAFEXP-01,SEDIMENT,0.00,%vol
6179,MAFUMEIRA,OUTLET LINE FROM OIL LACT UNIT TO MALONGO TERMINAL,CRUDE OIL,2025-03-15,04:00,MAFEXP-01,SALT,9.00,lb/1000 bbl
6178,CABINDA GULF OIL COMPANY,OUTLET LINE FROM OIL LACT UNIT TO MALONGO TERMINAL,CRUDE OIL,2025-03-12,04:00:00,MAFEXP-01,VAPOR PRESSURE,2.75,psi
6177,CABINDA GULF OIL COMPANY,OUTLET LINE FROM OIL LACT UNIT TO MALONGO TERMINAL,CRUDE OIL,2025-03-12,04:00:00,MAFEXP-01,DENSITY @ 15C,0.86,g/cm^3
6176,CABINDA GULF OIL COMPANY,OUTLET LINE FROM OIL LACT UNIT TO MALONGO TERMINAL,CRUDE OIL,2025-03-12,04:00:00,MAFEXP-01,BS&W,0.25,%vol
6175,CABINDA GULF OIL COMPANY,OUTLET LINE FROM OIL LACT UNIT TO MALONGO TERMINAL,CRUDE OIL,2025-03-12,04:00:00,MAFEXP-01,WATER,0.25,%vol
6174,CABINDA GULF OIL COMPANY,OUTLET LINE FROM OIL LACT UNIT TO MALONGO TERMINAL,CRUDE OIL,2025-03-12,04:00:00,MAFEXP-01,EMULSION,0.05,%vol
6173,CABINDA GULF OIL COMPANY,OUTLET LINE FROM OIL LACT UNIT TO MALONGO TERMINAL,CRUDE OIL,2025-03-12,04:00:00,MAFEXP-01,SEDIMENT,0.00,%vol
6172,CABINDA GULF OIL COMPANY,OUTLET LINE FROM OIL LACT UNIT TO MALONGO TERMINAL,CRUDE OIL,2025-03-12,04:00:00,MAFEXP-01,SALT,139.00,lb/1000 bbl
6171,CABINDA GULF OIL COMPANY,OUTLET LINE FROM OIL LACT UNIT TO MALONGO TERMINAL,CRUDE OIL,2025-03-12,15:00:00,MAFEXP-01,BS&W,0.05,%vol
6170,CABINDA GULF OIL COMPANY,OUTLET LINE FROM OIL LACT UNIT TO MALONGO TERMINAL,CRUDE OIL,2025-03-12,15:00:00,MAFEXP-01,WATER,0.05,%vol
6169,CABINDA GULF OIL COMPANY,OUTLET LINE FROM OIL LACT UNIT TO MALONGO TERMINAL,CRUDE OIL,2025-03-12,15:00:00,MAFEXP-01,EMULSION,0.05,%vol
6168,CABINDA GULF OIL COMPANY,OUTLET LINE FROM OIL LACT UNIT TO MALONGO TERMINAL,CRUDE OIL,2025-03-12,15:00:00,MAFEXP-01,SEDIMENT,0.00,%vol
6167,CABINDA GULF OIL COMPANY,OUTLET LINE FROM OIL LACT UNIT TO MALONGO TERMINAL,CRUDE OIL,2025-03-12,15:00:00,MAFEXP-01,SALT,21.00,lb/1000 bbl
6166,CABINDA GULF OIL COMPANY,OUTLET LINE FROM OIL LACT UNIT TO MALONGO TERMINAL,CRUDE OIL,2025-03-12,09:00:00,MAFEXP-01,BS&W,0.10,%vol
6165,CABINDA GULF OIL COMPANY,OUTLET LINE FROM OIL LACT UNIT TO MALONGO TERMINAL,CRUDE OIL,2025-03-12,09:00:00,MAFEXP-01,WATER,0.10,%vol
6164,CABINDA GULF OIL COMPANY,OUTLET LINE FROM OIL LACT UNIT TO MALONGO TERMINAL,CRUDE OIL,2025-03-12,09:00:00,MAFEXP-01,EMULSION,0.05,%vol
6163,CABINDA GULF OIL COMPANY,OUTLET LINE FROM OIL LACT UNIT TO MALONGO TERMINAL,CRUDE OIL,2025-03-12,09:00:00,MAFEXP-01,SEDIMENT,0.00,%vol
6162,CABINDA GULF OIL COMPANY,OUTLET LINE FROM OIL LACT UNIT TO MALONGO TERMINAL,CRUDE OIL,2025-03-12,09:00:00,MAFEXP-01,SALT,35.00,lb/1000 bbl
6161,MAFUMEIRA,OUTLET LINE FROM OIL LACT UNIT TO MALONGO TERMINAL,CRUDE OIL,2025-03-17,04:00,MAFEXP-01,SPECIFIC GRAVITY,0.86,(dimensionless)
6160,MAFUMEIRA,OUTLET LINE FROM OIL LACT UNIT TO MALONGO TERMINAL,CRUDE OIL,2025-03-17,04:00,MAFEXP-01,VAPOR PRESSURE,3.48,psi
6159,MAFUMEIRA,OUTLET LINE FROM OIL LACT UNIT TO MALONGO TERMINAL,CRUDE OIL,2025-03-17,04:00,MAFEXP-01,DENSITY @ 15°C,0.86,g/cm³
6158,MAFUMEIRA,OUTLET LINE FROM OIL LACT UNIT TO MALONGO TERMINAL,CRUDE OIL,2025-03-17,04:00,MAFEXP-01,API,33.60,deg_API
6157,MAFUMEIRA,OUTLET LINE FROM OIL LACT UNIT TO MALONGO TERMINAL,CRUDE OIL,2025-03-17,04:00,MAFEXP-01,BS&W,0.05,%vol
6156,MAFUMEIRA,OUTLET LINE FROM OIL LACT UNIT TO MALONGO TERMINAL,CRUDE OIL,2025-03-17,04:00,MAFEXP-01,WATER,0.05,%vol
6155,MAFUMEIRA,OUTLET LINE FROM OIL LACT UNIT TO MALONGO TERMINAL,CRUDE OIL,2025-03-17,04:00,MAFEXP-01,EMUL (NOEB),0.05,%vol
6154,MAFUMEIRA,OUTLET LINE FROM OIL LACT UNIT TO MALONGO TERMINAL,CRUDE OIL,2025-03-17,04:00,MAFEXP-01,SEDIMENT,0.00,%vol
6153,MAFUMEIRA,OUTLET LINE FROM OIL LACT UNIT TO MALONGO TERMINAL,CRUDE OIL,2025-03-17,04:00,MAFEXP-01,SALT,5.00,lb/1000 bbl
6152,MAFUMEIRA,OUTLET LINE FROM OIL LACT UNIT TO MALONGO TE,CRUDE OIL,2025-03-23,5:00 AM,MAFEXP-01,DENSITY,0.86,g/cm³
6151,MAFUMEIRA,OUTLET LINE FROM OIL LACT UNIT TO MALONGO TE,CRUDE OIL,2025-03-23,5:00 AM,MAFEXP-01,API@60,0.86,Degrees
6150,MAFUMEIRA,OUTLET LINE FROM OIL LACT UNIT TO MALONGO TE,CRUDE OIL,2025-03-23,5:00 AM,MAFEXP-01,OIL GREASE,3.12,mg/L
6149,MAFUMEIRA,OUTLET LINE FROM OIL LACT UNIT TO MALONGO TE,CRUDE OIL,2025-03-23,5:00 AM,MAFEXP-01,VAPOR PRESSURE,33.70,psi
6148,MAFUMEIRA,OUTLET LINE FROM OIL LACT UNIT TO MALONGO TE,CRUDE OIL,2025-03-23,5:00 AM,MAFEXP-01,TOTAL SULFUR,3.12,% (w/w)
6147,MAFUMEIRA,OUTLET LINE FROM OIL LACT UNIT TO MALONGO TE,CRUDE OIL,2025-03-23,5:00 AM,MAFEXP-01,SALT,6.00,lb/1000
6146,MAFUMEIRA,OUTLET LINE FROM OIL LACT UNIT TO MALONGO TE,CRUDE OIL,2025-03-23,5:00 AM,MAFEXP-01,BS&W,0.05,% (v/v)
6145,MAFUMEIRA,OUTLET LINE FROM OIL LACT UNIT TO MALONGO TE,CRUDE OIL,2025-03-23,5:00 AM,MAFEXP-01,WATER,0.05,% (v/v)
6144,MAFUMEIRA,OUTLET LINE FROM OIL LACT UNIT TO MALONGO TE,CRUDE OIL,2025-03-23,5:00 AM,MAFEXP-01,EMUL (NOEB),0.05,% (v/v)
6143,MAFUMEIRA,OUTLET LINE FROM OIL LACT UNIT TO MALONGO TE,CRUDE OIL,2025-03-23,5:00 AM,MAFEXP-01,SEDIMENT,0.00,% (v)
6142,MAFUMEIRA,OUTLET LINE FROM OIL LACT UNIT TO MALONGO TERMINAL,CRUDE OIL,2025-03-16,04:00,MAFEXP-01,VAPOR PRESSURE,2.64,psi
6141,MAFUMEIRA,OUTLET LINE FROM OIL LACT UNIT TO MALONGO TERMINAL,CRUDE OIL,2025-03-16,04:00,MAFEXP-01,DENSITY @ 15°C,0.86,g/cm³
6140,MAFUMEIRA,OUTLET LINE FROM OIL LACT UNIT TO MALONGO TERMINAL,CRUDE OIL,2025-03-16,04:00,MAFEXP-01,API,33.30,°API (unitless)
6139,MAFUMEIRA,OUTLET LINE FROM OIL LACT UNIT TO MALONGO TERMINAL,CRUDE OIL,2025-03-16,04:00,MAFEXP-01,BS&W,0.05,%vol
6138,MAFUMEIRA,OUTLET LINE FROM OIL LACT UNIT TO MALONGO TERMINAL,CRUDE OIL,2025-03-16,04:00,MAFEXP-01,WATER,0.05,%vol
6137,MAFUMEIRA,OUTLET LINE FROM OIL LACT UNIT TO MALONGO TERMINAL,CRUDE OIL,2025-03-16,04:00,MAFEXP-01,EMUL (NOEB),0.05,%vol
6136,MAFUMEIRA,OUTLET LINE FROM OIL LACT UNIT TO MALONGO TERMINAL,CRUDE OIL,2025-03-16,04:00,MAFEXP-01,SEDIMENT,0.00,%vol
6135,MAFUMEIRA,OUTLET LINE FROM OIL LACT UNIT TO MALONGO TERMINAL,CRUDE OIL,2025-03-16,04:00,MAFEXP-01,SALT,6.00,lb/1000 bbl
6134,MAFUMEIRA,OUTLET LINE FROM OIL LACT UNIT TO MALONGO TERMINAL,CRUDE OIL,2025-01-18,04:00,MAFEXP-01,DENSITY @ 15C,0.86,g/cm^3
6133,MAFUMEIRA,OUTLET LINE FROM OIL LACT UNIT TO MALONGO TERMINAL,CRUDE OIL,2025-01-18,04:00,MAFEXP-01,VAPOR PRESSURE,2.77,psi
6132,MAFUMEIRA,OUTLET LINE FROM OIL LACT UNIT TO MALONGO TERMINAL,CRUDE OIL,2025-01-18,04:00,MAFEXP-01,BS&W,0.05,%vol
6131,MAFUMEIRA,OUTLET LINE FROM OIL LACT UNIT TO MALONGO TERMINAL,CRUDE OIL,2025-01-18,04:00,MAFEXP-01,WATER,0.05,%vol
6130,MAFUMEIRA,OUTLET LINE FROM OIL LACT UNIT TO MALONGO TERMINAL,CRUDE OIL,2025-01-18,04:00,MAFEXP-01,EMULSION,0.05,%vol
6129,MAFUMEIRA,OUTLET LINE FROM OIL LACT UNIT TO MALONGO TERMINAL,CRUDE OIL,2025-01-18,04:00,MAFEXP-01,SEDIMENT,0.00,%vol
6128,MAFUMEIRA,OUTLET LINE FROM OIL LACT UNIT TO MALONGO TERMINAL,CRUDE OIL,2025-01-18,04:00,MAFEXP-01,SALT,5.00,lb/1000 bbl
6127,MAFUMEIRA,OUTLET LINE FROM OIL LACT UNIT TO MALONGO TERMINAL,CRUDE OIL,2025-03-14,04:00,MAFEXP-01,VAPOR PRESSURE,3.31,psi
6126,MAFUMEIRA,OUTLET LINE FROM OIL LACT UNIT TO MALONGO TERMINAL,CRUDE OIL,2025-03-14,04:00,MAFEXP-01,DENSITY @ 15C,0.86,g/cm^3
6125,MAFUMEIRA,OUTLET LINE FROM OIL LACT UNIT TO MALONGO TERMINAL,CRUDE OIL,2025-03-14,04:00,MAFEXP-01,BS&W,0.05,%vol
6124,MAFUMEIRA,OUTLET LINE FROM OIL LACT UNIT TO MALONGO TERMINAL,CRUDE OIL,2025-03-14,04:00,MAFEXP-01,WATER,0.05,%vol
6123,MAFUMEIRA,OUTLET LINE FROM OIL LACT UNIT TO MALONGO TERMINAL,CRUDE OIL,2025-03-14,04:00,MAFEXP-01,EMUL (NOEB),0.05,%vol
6122,MAFUMEIRA,OUTLET LINE FROM OIL LACT UNIT TO MALONGO TERMINAL,CRUDE OIL,2025-03-14,04:00,MAFEXP-01,SEDIMENT,0.00,%vol
6121,MAFUMEIRA,OUTLET LINE FROM OIL LACT UNIT TO MALONGO TERMINAL,CRUDE OIL,2025-03-14,04:00,MAFEXP-01,SALT,9.00,lb/1000 bbl
6119,MALONGO TERMINAL,OUTLET LINE FROM OIL LACT UNIT TO MALONGO TE,CRUDE OIL,2025-03-21,5:00 AM,MAFEXP-01,SPECIFIC GRAVITY,21.00,g/cm3
6118,MALONGO TERMINAL,OUTLET LINE FROM OIL LACT UNIT TO MALONGO TE,CRUDE OIL,2025-03-21,5:00 AM,MAFEXP-01,DENSITY,5.00,g/cm3
6117,MALONGO TERMINAL,OUTLET LINE FROM OIL LACT UNIT TO MALONGO TE,CRUDE OIL,2025-03-21,5:00 AM,MAFEXP-01,API@60,0.86,Degrees
6116,MALONGO TERMINAL,OUTLET LINE FROM OIL LACT UNIT TO MALONGO TE,CRUDE OIL,2025-03-21,5:00 AM,MAFEXP-01,OIL GREASE,0.86,mg/L
6115,MALONGO TERMINAL,OUTLET LINE FROM OIL LACT UNIT TO MALONGO TE,CRUDE OIL,2025-03-21,5:00 AM,MAFEXP-01,VAPOR PRESSURE,33.70,psi
6114,MALONGO TERMINAL,OUTLET LINE FROM OIL LACT UNIT TO MALONGO TE,CRUDE OIL,2025-03-21,5:00 AM,MAFEXP-01,TOTAL SULFUR,2.85,% (w/w)
6113,MALONGO TERMINAL,OUTLET LINE FROM OIL LACT UNIT TO MALONGO TE,CRUDE OIL,2025-03-21,5:00 AM,MAFEXP-01,SALT,6.00,lb/1000
6112,MALONGO TERMINAL,OUTLET LINE FROM OIL LACT UNIT TO MALONGO TE,CRUDE OIL,2025-03-21,5:00 AM,MAFEXP-01,BS&W,0.05,% (v/v)
6111,MALONGO TERMINAL,OUTLET LINE FROM OIL LACT UNIT TO MALONGO TE,CRUDE OIL,2025-03-21,5:00 AM,MAFEXP-01,WATER,0.05,% (v/v)
6110,MALONGO TERMINAL,OUTLET LINE FROM OIL LACT UNIT TO MALONGO TE,CRUDE OIL,2025-03-21,5:00 AM,MAFEXP-01,EMUL (NOEB),0.05,% (v/v)
6109,MALONGO TERMINAL,OUTLET LINE FROM OIL LACT UNIT TO MALONGO TE,CRUDE OIL,2025-03-21,5:00 AM,MAFEXP-01,SEDIMENT,0.00,% (v)
6108,MAFUMEIRA,OUTLET LINE FROM OIL LACT UNIT TO MALONGO TERMINAL,CRUDE OIL,2025-02-04,05:00,MAFEXP-01,VAPOR PRESSURE,2.46,psi
6107,MAFUMEIRA,OUTLET LINE FROM OIL LACT UNIT TO MALONGO TERMINAL,CRUDE OIL,2025-02-04,05:00,MAFEXP-01,DENSITY @ 15°C,0.86,g/cm³
6106,MAFUMEIRA,OUTLET LINE FROM OIL LACT UNIT TO MALONGO TERMINAL,CRUDE OIL,2025-02-04,05:00,MAFEXP-01,BS&W,0.05,%vol
6105,MAFUMEIRA,OUTLET LINE FROM OIL LACT UNIT TO MALONGO TERMINAL,CRUDE OIL,2025-02-04,05:00,MAFEXP-01,WATER,0.05,%vol
6104,MAFUMEIRA,OUTLET LINE FROM OIL LACT UNIT TO MALONGO TERMINAL,CRUDE OIL,2025-02-04,05:00,MAFEXP-01,EMUL (NOEB),0.05,%vol
6103,MAFUMEIRA,OUTLET LINE FROM OIL LACT UNIT TO MALONGO TERMINAL,CRUDE OIL,2025-02-04,05:00,MAFEXP-01,SEDIMENT,0.00,%vol
6102,MAFUMEIRA,OUTLET LINE FROM OIL LACT UNIT TO MALONGO TERMINAL,CRUDE OIL,2025-02-04,05:00,MAFEXP-01,SALT,7.00,lb/1000 bbl
6101,MALONGO,OUTLET LINE FROM OIL LACT UNIT TO MALONGO TERMINAL,CRUDE OIL,2025-03-24,5:00 AM,MAFEXP-01,DENSITY,0.86,g/cm³
6100,MALONGO,OUTLET LINE FROM OIL LACT UNIT TO MALONGO TERMINAL,CRUDE OIL,2025-03-24,5:00 AM,MAFEXP-01,API@60,0.86,Degrees
6099,MALONGO,OUTLET LINE FROM OIL LACT UNIT TO MALONGO TERMINAL,CRUDE OIL,2025-03-24,5:00 AM,MAFEXP-01,OIL GREASE,2.00,mg/L
6098,MALONGO,OUTLET LINE FROM OIL LACT UNIT TO MALONGO TERMINAL,CRUDE OIL,2025-03-24,5:00 AM,MAFEXP-01,VAPOR PRESSURE,33.60,psi
6097,MALONGO,OUTLET LINE FROM OIL LACT UNIT TO MALONGO TERMINAL,CRUDE OIL,2025-03-24,5:00 AM,MAFEXP-01,TOTAL SULFUR,2.74,% (w/w)
6096,MALONGO,OUTLET LINE FROM OIL LACT UNIT TO MALONGO TERMINAL,CRUDE OIL,2025-03-24,5:00 AM,MAFEXP-01,SALT,6.00,lbs/1000 bbl
6095,MALONGO,OUTLET LINE FROM OIL LACT UNIT TO MALONGO TERMINAL,CRUDE OIL,2025-03-24,5:00 AM,MAFEXP-01,BS&W,0.05,% (v/v)
6094,MALONGO,OUTLET LINE FROM OIL LACT UNIT TO MALONGO TERMINAL,CRUDE OIL,2025-03-24,5:00 AM,MAFEXP-01,WATER,0.05,% (v/v)
6093,MALONGO,OUTLET LINE FROM OIL LACT UNIT TO MALONGO TERMINAL,CRUDE OIL,2025-03-24,5:00 AM,MAFEXP-01,EMUL (NOEB),0.05,% (v/v)
6092,MALONGO,OUTLET LINE FROM OIL LACT UNIT TO MALONGO TERMINAL,CRUDE OIL,2025-03-24,5:00 AM,MAFEXP-01,SEDIMENT,0.00,% (v)
6091,MAFUMEIRA,OUTLET LINE FROM OIL LACT UNIT TO MALONGO TE,CRUDE OIL,2025-03-25,5:00 AM,MAFEXP-01,DENSITY,0.86,g/cm3
6090,MAFUMEIRA,OUTLET LINE FROM OIL LACT UNIT TO MALONGO TE,CRUDE OIL,2025-03-25,5:00 AM,MAFEXP-01,API@60,0.86,Degrees
6089,MAFUMEIRA,OUTLET LINE FROM OIL LACT UNIT TO MALONGO TE,CRUDE OIL,2025-03-25,5:00 AM,MAFEXP-01,OIL GREASE,2.00,mg/L
6088,MAFUMEIRA,OUTLET LINE FROM OIL LACT UNIT TO MALONGO TE,CRUDE OIL,2025-03-25,5:00 AM,MAFEXP-01,VAPOR PRESSURE,33.60,psi
6087,MAFUMEIRA,OUTLET LINE FROM OIL LACT UNIT TO MALONGO TE,CRUDE OIL,2025-03-25,5:00 AM,MAFEXP-01,TOTAL SULFUR,3.10,%(w/w)
6086,MAFUMEIRA,OUTLET LINE FROM OIL LACT UNIT TO MALONGO TE,CRUDE OIL,2025-03-25,5:00 AM,MAFEXP-01,SALT,8.00,lb/1000 bbl
6085,MAFUMEIRA,OUTLET LINE FROM OIL LACT UNIT TO MALONGO TE,CRUDE OIL,2025-03-25,5:00 AM,MAFEXP-01,BS&W,0.05,%(v/v)
6084,MAFUMEIRA,OUTLET LINE FROM OIL LACT UNIT TO MALONGO TE,CRUDE OIL,2025-03-25,5:00 AM,MAFEXP-01,WATER,0.05,%(v/v)
6083,MAFUMEIRA,OUTLET LINE FROM OIL LACT UNIT TO MALONGO TE,CRUDE OIL,2025-03-25,5:00 AM,MAFEXP-01,EMUL (NOEB),0.05,%(v/v)
6082,MAFUMEIRA,OUTLET LINE FROM OIL LACT UNIT TO MALONGO TE,CRUDE OIL,2025-03-25,5:00 AM,MAFEXP-01,SEDIMENT,0.00,%(v)
6079,MAFUMEIRA,OUTLET LINE FROM OIL LACT UNIT TO MALONGO TERMINAL,CRUDE OIL,2025-04-23,04:00 AM,MAFEXP-01,DENSITY,0.86,g/cm3
6078,MAFUMEIRA,OUTLET LINE FROM OIL LACT UNIT TO MALONGO TERMINAL,CRUDE OIL,2025-04-23,04:00 AM,MAFEXP-01,VAPOR PRESSURE,33.40,psi
6077,MAFUMEIRA,OUTLET LINE FROM OIL LACT UNIT TO MALONGO TERMINAL,CRUDE OIL,2025-04-23,04:00 AM,MAFEXP-01,TOTAL SULFUR,3.30,% (w/w)
6076,MAFUMEIRA,OUTLET LINE FROM OIL LACT UNIT TO MALONGO TERMINAL,CRUDE OIL,2025-04-23,04:00 AM,MAFEXP-01,SALT,12.00,lbs/1000 bbl
6075,MAFUMEIRA,OUTLET LINE FROM OIL LACT UNIT TO MALONGO TERMINAL,CRUDE OIL,2025-04-23,04:00 AM,MAFEXP-01,BS&W,0.05,% (v/v)
6074,MAFUMEIRA,OUTLET LINE FROM OIL LACT UNIT TO MALONGO TERMINAL,CRUDE OIL,2025-04-23,04:00 AM,MAFEXP-01,WATER,0.05,% (v/v)
6073,MAFUMEIRA,OUTLET LINE FROM OIL LACT UNIT TO MALONGO TERMINAL,CRUDE OIL,2025-04-23,04:00 AM,MAFEXP-01,EMUL (NOEB),0.05,% (v/v)
6072,MAFUMEIRA,OUTLET LINE FROM OIL LACT UNIT TO MALONGO TERMINAL,CRUDE OIL,2025-04-23,04:00 AM,MAFEXP-01,OIL GREASE,0.05,mg/L
6067,MAFUMEIRA,OUTLET LINE FROM OIL LACT UNIT TO MALONGO TE,CRUDE OIL,2025-03-30,04:20,MAFEXP-01,SPECIFIC GRAVITY,0.86,(dimensionless)
6066,MAFUMEIRA,OUTLET LINE FROM OIL LACT UNIT TO MALONGO TE,CRUDE OIL,2025-03-30,04:20,MAFEXP-01,DENSITY,0.86,g/cm³
6065,MAFUMEIRA,OUTLET LINE FROM OIL LACT UNIT TO MALONGO TE,CRUDE OIL,2025-03-30,04:20,MAFEXP-01,API@60,0.86,Degrees
6064,MAFUMEIRA,OUTLET LINE FROM OIL LACT UNIT TO MALONGO TE,CRUDE OIL,2025-03-30,04:20,MAFEXP-01,OIL GREASE,2.00,mg/L
6063,MAFUMEIRA,OUTLET LINE FROM OIL LACT UNIT TO MALONGO TE,CRUDE OIL,2025-03-30,04:20,MAFEXP-01,VAPOR PRESSURE,33.20,psi
6062,MAFUMEIRA,OUTLET LINE FROM OIL LACT UNIT TO MALONGO TE,CRUDE OIL,2025-03-30,04:20,MAFEXP-01,TOTAL SULFUR,3.59,% (w/w)
6061,MAFUMEIRA,OUTLET LINE FROM OIL LACT UNIT TO MALONGO TE,CRUDE OIL,2025-03-30,04:20,MAFEXP-01,SALT,5.00,lbs/100
6060,MAFUMEIRA,OUTLET LINE FROM OIL LACT UNIT TO MALONGO TE,CRUDE OIL,2025-03-30,04:20,MAFEXP-01,BS&W,0.05,% (v/v)
6059,MAFUMEIRA,OUTLET LINE FROM OIL LACT UNIT TO MALONGO TE,CRUDE OIL,2025-03-30,04:20,MAFEXP-01,WATER,0.05,% (v/v)
6058,MAFUMEIRA,OUTLET LINE FROM OIL LACT UNIT TO MALONGO TE,CRUDE OIL,2025-03-30,04:20,MAFEXP-01,EMUL (NOEB),0.05,% (v/v)
6057,MAFUMEIRA,OUTLET LINE FROM OIL LACT UNIT TO MALONGO TE,CRUDE OIL,2025-03-30,04:20,MAFEXP-01,SEDIMENT,0.00,% (v)
6052,MAFUMEIRA,OUTLET LINE FROM OIL LACT UNIT TO MALONGO TE,CRUDE OIL,2025-04-27,04:00,MAFEXP-01,DENSITY,0.85,g/cm³
6051,MAFUMEIRA,OUTLET LINE FROM OIL LACT UNIT TO MALONGO TE,CRUDE OIL,2025-04-27,04:00,MAFEXP-01,API@60,0.85,Degrees
6050,MAFUMEIRA,OUTLET LINE FROM OIL LACT UNIT TO MALONGO TE,CRUDE OIL,2025-04-27,04:00,MAFEXP-01,OIL GREASE,0.85,mg/L
6049,MAFUMEIRA,OUTLET LINE FROM OIL LACT UNIT TO MALONGO TE,CRUDE OIL,2025-04-27,04:00,MAFEXP-01,VAPOR PRESSURE,35.50,psi
6048,MAFUMEIRA,OUTLET LINE FROM OIL LACT UNIT TO MALONGO TE,CRUDE OIL,2025-04-27,04:00,MAFEXP-01,TOTAL SULFUR,3.64,%(w/w)
6047,MAFUMEIRA,OUTLET LINE FROM OIL LACT UNIT TO MALONGO TE,CRUDE OIL,2025-04-27,04:00,MAFEXP-01,SALT,11.00,lbs/1000
6046,MAFUMEIRA,OUTLET LINE FROM OIL LACT UNIT TO MALONGO TE,CRUDE OIL,2025-04-27,04:00,MAFEXP-01,BS&W,0.05,%(v/v)
6045,MAFUMEIRA,OUTLET LINE FROM OIL LACT UNIT TO MALONGO TE,CRUDE OIL,2025-04-27,04:00,MAFEXP-01,WATER,0.05,%(v/v)
6040,MAFUMEIRA,OUTLET LINE FROM OIL LACT UNIT TO MALONGO TE,CRUDE OIL,2025-03-29,4:30 AM,MAFEXP-01,DENSITY,0.86,g/cm³
6039,MAFUMEIRA,OUTLET LINE FROM OIL LACT UNIT TO MALONGO TE,CRUDE OIL,2025-03-29,4:30 AM,MAFEXP-01,API@60,0.86,DEGREES
6038,MAFUMEIRA,OUTLET LINE FROM OIL LACT UNIT TO MALONGO TE,CRUDE OIL,2025-03-29,4:30 AM,MAFEXP-01,OIL GREASE,2.00,mg/L
6037,MAFUMEIRA,OUTLET LINE FROM OIL LACT UNIT TO MALONGO TE,CRUDE OIL,2025-03-29,4:30 AM,MAFEXP-01,VAPOR PRESSURE,33.60,psi
6036,MAFUMEIRA,OUTLET LINE FROM OIL LACT UNIT TO MALONGO TE,CRUDE OIL,2025-03-29,4:30 AM,MAFEXP-01,TOTAL SULFUR,3.13,% (w/w)
6035,MAFUMEIRA,OUTLET LINE FROM OIL LACT UNIT TO MALONGO TE,CRUDE OIL,2025-03-29,4:30 AM,MAFEXP-01,SALT,7.00,lbs/1000 bbl
6034,MAFUMEIRA,OUTLET LINE FROM OIL LACT UNIT TO MALONGO TE,CRUDE OIL,2025-03-29,4:30 AM,MAFEXP-01,BS&W,0.05,% (v/v)
6033,MAFUMEIRA,OUTLET LINE FROM OIL LACT UNIT TO MALONGO TE,CRUDE OIL,2025-03-29,4:30 AM,MAFEXP-01,WATER,0.05,% (v/v)
6032,MAFUMEIRA,OUTLET LINE FROM OIL LACT UNIT TO MALONGO TE,CRUDE OIL,2025-03-29,4:30 AM,MAFEXP-01,EMUL (NOEB),0.05,% (v/v)
6031,MAFUMEIRA,OUTLET LINE FROM OIL LACT UNIT TO MALONGO TE,CRUDE OIL,2025-03-29,4:30 AM,MAFEXP-01,SEDIMENT,0.00,% (v)
6030,MAFUMEIRA,OUTLET LINE FROM OIL LACT UNIT TO MALONGO TE,CRUDE OIL,2025-03-31,04:30 AM,MAFEXP-01,DENSITY,0.86,g/cm³
6029,MAFUMEIRA,OUTLET LINE FROM OIL LACT UNIT TO MALONGO TE,CRUDE OIL,2025-03-31,04:30 AM,MAFEXP-01,API@60,0.86,degrees
6028,MAFUMEIRA,OUTLET LINE FROM OIL LACT UNIT TO MALONGO TE,CRUDE OIL,2025-03-31,04:30 AM,MAFEXP-01,OIL GREASE,2.00,mg/L
6027,MAFUMEIRA,OUTLET LINE FROM OIL LACT UNIT TO MALONGO TE,CRUDE OIL,2025-03-31,04:30 AM,MAFEXP-01,VAPOR PRESSURE,33.60,psi
6026,MAFUMEIRA,OUTLET LINE FROM OIL LACT UNIT TO MALONGO TE,CRUDE OIL,2025-03-31,04:30 AM,MAFEXP-01,TOTAL SULFUR,3.05,%(w/w)
6025,MAFUMEIRA,OUTLET LINE FROM OIL LACT UNIT TO MALONGO TE,CRUDE OIL,2025-03-31,04:30 AM,MAFEXP-01,SALT,9.00,lb/1000
6024,MAFUMEIRA,OUTLET LINE FROM OIL LACT UNIT TO MALONGO TE,CRUDE OIL,2025-03-31,04:30 AM,MAFEXP-01,BS&W,0.05,%(v/v)
6023,MAFUMEIRA,OUTLET LINE FROM OIL LACT UNIT TO MALONGO TE,CRUDE OIL,2025-03-31,04:30 AM,MAFEXP-01,WATER,0.05,%(v/v)
6022,MAFUMEIRA,OUTLET LINE FROM OIL LACT UNIT TO MALONGO TE,CRUDE OIL,2025-03-31,04:30 AM,MAFEXP-01,EMUL (NOEB),0.05,%(v/v)
6021,MAFUMEIRA,OUTLET LINE FROM OIL LACT UNIT TO MALONGO TE,CRUDE OIL,2025-03-31,04:30 AM,MAFEXP-01,SEDIMENT,0.00,%(v)
6020,MALONGO,OUTLET LINE FROM OIL LACT UNIT TO MALONGO TE,CRUDE OIL,2025-04-24,04:00,MAFEXP-01,DENSITY,0.86,g/cm3
6019,MALONGO,OUTLET LINE FROM OIL LACT UNIT TO MALONGO TE,CRUDE OIL,2025-04-24,04:00,MAFEXP-01,API@60,0.86,Degrees
6018,MALONGO,OUTLET LINE FROM OIL LACT UNIT TO MALONGO TE,CRUDE OIL,2025-04-24,04:00,MAFEXP-01,VAPOR PRESSURE,33.60,psi
6017,MALONGO,OUTLET LINE FROM OIL LACT UNIT TO MALONGO TE,CRUDE OIL,2025-04-24,04:00,MAFEXP-01,TOTAL SULFUR,3.45,%(w/w)
6016,MALONGO,OUTLET LINE FROM OIL LACT UNIT TO MALONGO TE,CRUDE OIL,2025-04-24,04:00,MAFEXP-01,SALT,8.00,lbs/1000
6015,MALONGO,OUTLET LINE FROM OIL LACT UNIT TO MALONGO TE,CRUDE OIL,2025-04-24,04:00,MAFEXP-01,BS&W,0.05,%(v/v)
6014,MALONGO,OUTLET LINE FROM OIL LACT UNIT TO MALONGO TE,CRUDE OIL,2025-04-24,04:00,MAFEXP-01,WATER,0.05,%(v/v)
6013,MALONGO,OUTLET LINE FROM OIL LACT UNIT TO MALONGO TE,CRUDE OIL,2025-04-24,04:00,MAFEXP-01,EMUL (NOEB),0.05,%(v/v)
6012,MALONGO,OUTLET LINE FROM OIL LACT UNIT TO MALONGO TE,CRUDE OIL,2025-04-24,04:00,MAFEXP-01,OIL GREASE,0.00,mg/L
6007,MAFUMEIRA,OUTLET LINE FROM OIL LACT UNIT TO MALONGO TE,CRUDE OIL,2025-03-28,4:20 AM,MAFEXP-01,SPECIFIC GRAVITY,0.86,(dimensionless)
6006,MAFUMEIRA,OUTLET LINE FROM OIL LACT UNIT TO MALONGO TE,CRUDE OIL,2025-03-28,4:20 AM,MAFEXP-01,DENSITY,0.86,g/cm3
6005,MAFUMEIRA,OUTLET LINE FROM OIL LACT UNIT TO MALONGO TE,CRUDE OIL,2025-03-28,4:20 AM,MAFEXP-01,API@60,0.86,Degrees
6004,MAFUMEIRA,OUTLET LINE FROM OIL LACT UNIT TO MALONGO TE,CRUDE OIL,2025-03-28,4:20 AM,MAFEXP-01,OIL GREASE,2.00,mg/L
6003,MAFUMEIRA,OUTLET LINE FROM OIL LACT UNIT TO MALONGO TE,CRUDE OIL,2025-03-28,4:20 AM,MAFEXP-01,VAPOR PRESSURE,33.70,psi
6002,MAFUMEIRA,OUTLET LINE FROM OIL LACT UNIT TO MALONGO TE,CRUDE OIL,2025-03-28,4:20 AM,MAFEXP-01,TOTAL SULFUR,3.12,% (w/w)
6001,MAFUMEIRA,OUTLET LINE FROM OIL LACT UNIT TO MALONGO TE,CRUDE OIL,2025-03-28,4:20 AM,MAFEXP-01,SALT,6.00,lb/1000
6000,MAFUMEIRA,OUTLET LINE FROM OIL LACT UNIT TO MALONGO TE,CRUDE OIL,2025-03-28,4:20 AM,MAFEXP-01,BS&W,0.05,% (v/v)
5999,MAFUMEIRA,OUTLET LINE FROM OIL LACT UNIT TO MALONGO TE,CRUDE OIL,2025-03-28,4:20 AM,MAFEXP-01,WATER,0.05,% (v/v)
5998,MAFUMEIRA,OUTLET LINE FROM OIL LACT UNIT TO MALONGO TE,CRUDE OIL,2025-03-28,4:20 AM,MAFEXP-01,EMUL (NOEB),0.05,% (v/v)
5997,MAFUMEIRA,OUTLET LINE FROM OIL LACT UNIT TO MALONGO TE,CRUDE OIL,2025-03-28,4:20 AM,MAFEXP-01,SEDIMENT,0.00,% (v)
5996,MAFUMEIRA,OUTLET LINE FROM OIL LACT UNIT TO MALONGO TERMINAL,CRUDE OIL,2025-04-26,04:00,MAFEXP-01,DENSITY,0.85,g/cm3
5995,MAFUMEIRA,OUTLET LINE FROM OIL LACT UNIT TO MALONGO TERMINAL,CRUDE OIL,2025-04-26,04:00,MAFEXP-01,API@60,0.85,Degrees
5994,MAFUMEIRA,OUTLET LINE FROM OIL LACT UNIT TO MALONGO TERMINAL,CRUDE OIL,2025-04-26,04:00,MAFEXP-01,VAPOR PRESSURE,35.10,psi
5993,MAFUMEIRA,OUTLET LINE FROM OIL LACT UNIT TO MALONGO TERMINAL,CRUDE OIL,2025-04-26,04:00,MAFEXP-01,TOTAL SULFUR,3.74,% (w/w)
5992,MAFUMEIRA,OUTLET LINE FROM OIL LACT UNIT TO MALONGO TERMINAL,CRUDE OIL,2025-04-26,04:00,MAFEXP-01,SALT,6.00,lbs/1000
5991,MAFUMEIRA,OUTLET LINE FROM OIL LACT UNIT TO MALONGO TERMINAL,CRUDE OIL,2025-04-26,04:00,MAFEXP-01,BS&W,0.05,% (v/v)
5990,MAFUMEIRA,OUTLET LINE FROM OIL LACT UNIT TO MALONGO TERMINAL,CRUDE OIL,2025-04-26,04:00,MAFEXP-01,WATER,0.05,% (v/v)
5989,MAFUMEIRA,OUTLET LINE FROM OIL LACT UNIT TO MALONGO TERMINAL,CRUDE OIL,2025-04-26,04:00,MAFEXP-01,EMUL (NOEB),0.05,% (v/v)
5988,MAFUMEIRA,OUTLET LINE FROM OIL LACT UNIT TO MALONGO TERMINAL,CRUDE OIL,2025-04-26,04:00,MAFEXP-01,OIL GREASE,0.05,mg/L
5983,MALONGO,OUTLET LINE FROM OIL LACT UNIT TO MALONGO TE,CRUDE OIL,2025-03-26,5:00 AM,MAFEXP-01,DENSITY,0.86,g/cm3
5982,MALONGO,OUTLET LINE FROM OIL LACT UNIT TO MALONGO TE,CRUDE OIL,2025-03-26,5:00 AM,MAFEXP-01,API@60,0.86,Degrees
5981,MALONGO,OUTLET LINE FROM OIL LACT UNIT TO MALONGO TE,CRUDE OIL,2025-03-26,5:00 AM,MAFEXP-01,OIL GREASE,0.86,mg/L
5980,MALONGO,OUTLET LINE FROM OIL LACT UNIT TO MALONGO TE,CRUDE OIL,2025-03-26,5:00 AM,MAFEXP-01,VAPOR PRESSURE,33.60,psi
5979,MALONGO,OUTLET LINE FROM OIL LACT UNIT TO MALONGO TE,CRUDE OIL,2025-03-26,5:00 AM,MAFEXP-01,TOTAL SULFUR,3.23,%(w/w)
5978,MALONGO,OUTLET LINE FROM OIL LACT UNIT TO MALONGO TE,CRUDE OIL,2025-03-26,5:00 AM,MAFEXP-01,SALT,5.00,lb/1000 bbl
5977,MALONGO,OUTLET LINE FROM OIL LACT UNIT TO MALONGO TE,CRUDE OIL,2025-03-26,5:00 AM,MAFEXP-01,BS&W,0.05,%(v/v)
5976,MALONGO,OUTLET LINE FROM OIL LACT UNIT TO MALONGO TE,CRUDE OIL,2025-03-26,5:00 AM,MAFEXP-01,WATER,0.05,%(v/v)
5975,MALONGO,OUTLET LINE FROM OIL LACT UNIT TO MALONGO TE,CRUDE OIL,2025-03-26,5:00 AM,MAFEXP-01,EMUL (NOEB),0.05,%(v/v)
5974,MALONGO,OUTLET LINE FROM OIL LACT UNIT TO MALONGO TE,CRUDE OIL,2025-03-26,5:00 AM,MAFEXP-01,SEDIMENT,0.00,%(v)
5973,MAFUMEIRA,OUTLET LINE FROM OIL LACT UNIT TO MALONGO TERMINAL,CRUDE OIL,2025-03-27,4:00 AM,MAFEXP-01,DENSITY,0.86,g/cm3
5972,MAFUMEIRA,OUTLET LINE FROM OIL LACT UNIT TO MALONGO TERMINAL,CRUDE OIL,2025-03-27,4:00 AM,MAFEXP-01,API@60,0.86,degrees
5971,MAFUMEIRA,OUTLET LINE FROM OIL LACT UNIT TO MALONGO TERMINAL,CRUDE OIL,2025-03-27,4:00 AM,MAFEXP-01,OIL GREASE,2.00,mg/L
5970,MAFUMEIRA,OUTLET LINE FROM OIL LACT UNIT TO MALONGO TERMINAL,CRUDE OIL,2025-03-27,4:00 AM,MAFEXP-01,VAPOR PRESSURE,33.50,psi
5969,MAFUMEIRA,OUTLET LINE FROM OIL LACT UNIT TO MALONGO TERMINAL,CRUDE OIL,2025-03-27,4:00 AM,MAFEXP-01,TOTAL SULFUR,3.03,% (w/w)
5968,MAFUMEIRA,OUTLET LINE FROM OIL LACT UNIT TO MALONGO TERMINAL,CRUDE OIL,2025-03-27,4:00 AM,MAFEXP-01,SALT,5.00,lbs/1000 bbl
5967,MAFUMEIRA,OUTLET LINE FROM OIL LACT UNIT TO MALONGO TERMINAL,CRUDE OIL,2025-03-27,4:00 AM,MAFEXP-01,BS&W,0.05,% (v/v)
5966,MAFUMEIRA,OUTLET LINE FROM OIL LACT UNIT TO MALONGO TERMINAL,CRUDE OIL,2025-03-27,4:00 AM,MAFEXP-01,WATER,0.05,% (v/v)
5965,MAFUMEIRA,OUTLET LINE FROM OIL LACT UNIT TO MALONGO TERMINAL,CRUDE OIL,2025-03-27,4:00 AM,MAFEXP-01,EMUL,0.05,% (v/v)
5964,MAFUMEIRA,OUTLET LINE FROM OIL LACT UNIT TO MALONGO TERMINAL,CRUDE OIL,2025-03-27,4:00 AM,MAFEXP-01,SEDIMENT,0.00,% (v)
5929,MAFUMEIRA,OUTLET LINE FROM OIL LACT UNIT TO MALONGO TERMINAL,CRUDE OIL,2025-04-03,04:00,MAFEXP-01,VAPOR PRESSURE,3.00,psi
5928,MAFUMEIRA,OUTLET LINE FROM OIL LACT UNIT TO MALONGO TERMINAL,CRUDE OIL,2025-04-03,04:00,MAFEXP-01,DENSITY @ 15C,0.86,g/cm^3
5927,MAFUMEIRA,OUTLET LINE FROM OIL LACT UNIT TO MALONGO TERMINAL,CRUDE OIL,2025-04-03,04:00,MAFEXP-01,BS&W,0.05,%vol
5926,MAFUMEIRA,OUTLET LINE FROM OIL LACT UNIT TO MALONGO TERMINAL,CRUDE OIL,2025-04-03,04:00,MAFEXP-01,WATER,0.05,%vol
5925,MAFUMEIRA,OUTLET LINE FROM OIL LACT UNIT TO MALONGO TERMINAL,CRUDE OIL,2025-04-03,04:00,MAFEXP-01,EMUL,0.05,%vol
5924,MAFUMEIRA,OUTLET LINE FROM OIL LACT UNIT TO MALONGO TERMINAL,CRUDE OIL,2025-04-03,04:00,MAFEXP-01,SEDIMENT,0.00,%vol
5923,MAFUMEIRA,OUTLET LINE FROM OIL LACT UNIT TO MALONGO TERMINAL,CRUDE OIL,2025-04-03,04:00,MAFEXP-01,SALT,9.00,lb/1000 bbl
5922,MAFUMEIRA,OUTLET LINE FROM OIL LACT UNIT TO MALONGO TERMINAL,CRUDE OIL,2025-04-08,04:00,MAFEXP-01,SPECIFIC GRAVITY,0.86,(dimensionless)
5921,MAFUMEIRA,OUTLET LINE FROM OIL LACT UNIT TO MALONGO TERMINAL,CRUDE OIL,2025-04-08,04:00,MAFEXP-01,VAPOR PRESSURE,3.22,psi
5920,MAFUMEIRA,OUTLET LINE FROM OIL LACT UNIT TO MALONGO TERMINAL,CRUDE OIL,2025-04-08,04:00,MAFEXP-01,DENSITY @ 15°C,0.86,g/cm³
5919,MAFUMEIRA,OUTLET LINE FROM OIL LACT UNIT TO MALONGO TERMINAL,CRUDE OIL,2025-04-08,04:00,MAFEXP-01,API,32.30,°API
5918,MAFUMEIRA,OUTLET LINE FROM OIL LACT UNIT TO MALONGO TERMINAL,CRUDE OIL,2025-04-08,04:00,MAFEXP-01,BS&W,0.05,% (v/v)
5917,MAFUMEIRA,OUTLET LINE FROM OIL LACT UNIT TO MALONGO TERMINAL,CRUDE OIL,2025-04-08,04:00,MAFEXP-01,WATER,0.05,% (v/v)
5916,MAFUMEIRA,OUTLET LINE FROM OIL LACT UNIT TO MALONGO TERMINAL,CRUDE OIL,2025-04-08,04:00,MAFEXP-01,EMUL (NOEB),0.05,% (v/v)
5915,MAFUMEIRA,OUTLET LINE FROM OIL LACT UNIT TO MALONGO TERMINAL,CRUDE OIL,2025-04-08,04:00,MAFEXP-01,SEDIMENT,0.00,%vol
5914,MAFUMEIRA,OUTLET LINE FROM OIL LACT UNIT TO MALONGO TERMINAL,CRUDE OIL,2025-04-08,04:00,MAFEXP-01,SALT,12.00,lb/1000 bbl
5913,MALONGO TERMINAL BASE,OUTLET LINE FROM OIL LACT UNIT TO MALONGO TE,CRUDE OIL,2025-04-30,4:00 AM,MAFEXP-01,API@60,0.85,Degrees
5912,MALONGO TERMINAL BASE,OUTLET LINE FROM OIL LACT UNIT TO MALONGO TE,CRUDE OIL,2025-04-30,4:00 AM,MAFEXP-01,OIL GREASE,0.85,mg/L
5911,MALONGO TERMINAL BASE,OUTLET LINE FROM OIL LACT UNIT TO MALONGO TE,CRUDE OIL,2025-04-30,4:00 AM,MAFEXP-01,VAPOR PRESSURE,34.80,psi
5910,MALONGO TERMINAL BASE,OUTLET LINE FROM OIL LACT UNIT TO MALONGO TE,CRUDE OIL,2025-04-30,4:00 AM,MAFEXP-01,TOTAL SULFUR,3.56,%(w/w)
5909,MALONGO TERMINAL BASE,OUTLET LINE FROM OIL LACT UNIT TO MALONGO TE,CRUDE OIL,2025-04-30,4:00 AM,MAFEXP-01,SALT,8.00,lb/1000
5908,MALONGO TERMINAL BASE,OUTLET LINE FROM OIL LACT UNIT TO MALONGO TE,CRUDE OIL,2025-04-30,4:00 AM,MAFEXP-01,WATER,0.05,%(v/v)
5907,MALONGO TERMINAL BASE,OUTLET LINE FROM OIL LACT UNIT TO MALONGO TE,CRUDE OIL,2025-04-30,4:00 AM,MAFEXP-01,EMUL,0.05,%(v/v)
5906,MALONGO TERMINAL BASE,OUTLET LINE FROM OIL LACT UNIT TO MALONGO TE,CRUDE OIL,2025-04-30,4:00 AM,MAFEXP-01,BS&W,0.05,%(v/v)
5903,MAFUMEIRA,OUTLET LINE FROM OIL LACT UNIT TO MALONGO TERMINAL,CRUDE OIL,2025-04-09,04:00,MAFEXP-01,SPECIFIC GRAVITY,0.86,(dimensionless)
5902,MAFUMEIRA,OUTLET LINE FROM OIL LACT UNIT TO MALONGO TERMINAL,CRUDE OIL,2025-04-09,04:00,MAFEXP-01,VAPOR PRESSURE,3.05,psi
5901,MAFUMEIRA,OUTLET LINE FROM OIL LACT UNIT TO MALONGO TERMINAL,CRUDE OIL,2025-04-09,04:00,MAFEXP-01,DENSITY @ 15C,0.86,g/cm^3
5900,MAFUMEIRA,OUTLET LINE FROM OIL LACT UNIT TO MALONGO TERMINAL,CRUDE OIL,2025-04-09,04:00,MAFEXP-01,API,32.80,(unitless)
5899,MAFUMEIRA,OUTLET LINE FROM OIL LACT UNIT TO MALONGO TERMINAL,CRUDE OIL,2025-04-09,04:00,MAFEXP-01,BS&W,0.05,%vol
5898,MAFUMEIRA,OUTLET LINE FROM OIL LACT UNIT TO MALONGO TERMINAL,CRUDE OIL,2025-04-09,04:00,MAFEXP-01,WATER,0.05,%vol
5897,MAFUMEIRA,OUTLET LINE FROM OIL LACT UNIT TO MALONGO TERMINAL,CRUDE OIL,2025-04-09,04:00,MAFEXP-01,EMULSION,0.05,%vol
5896,MAFUMEIRA,OUTLET LINE FROM OIL LACT UNIT TO MALONGO TERMINAL,CRUDE OIL,2025-04-09,04:00,MAFEXP-01,SEDIMENT,0.00,%vol
5895,MAFUMEIRA,OUTLET LINE FROM OIL LACT UNIT TO MALONGO TERMINAL,CRUDE OIL,2025-04-09,04:00,MAFEXP-01,SALT,8.00,lb/1000 bbl
5894,MAFUMEIRA,OUTLET LINE FROM OIL LACT UNIT TO MALONGO TERMINAL,CRUDE OIL,2025-04-14,04:00,MAFEXP-01,VAPOR PRESSURE,3.37,psi
5893,MAFUMEIRA,OUTLET LINE FROM OIL LACT UNIT TO MALONGO TERMINAL,CRUDE OIL,2025-04-14,04:00,MAFEXP-01,DENSITY @ 15C,0.86,g/cm^3
5892,MAFUMEIRA,OUTLET LINE FROM OIL LACT UNIT TO MALONGO TERMINAL,CRUDE OIL,2025-04-14,04:00,MAFEXP-01,BS&W,0.05,%vol
5891,MAFUMEIRA,OUTLET LINE FROM OIL LACT UNIT TO MALONGO TERMINAL,CRUDE OIL,2025-04-14,04:00,MAFEXP-01,WATER,0.05,%vol
5890,MAFUMEIRA,OUTLET LINE FROM OIL LACT UNIT TO MALONGO TERMINAL,CRUDE OIL,2025-04-14,04:00,MAFEXP-01,EMUL (NOEB),0.05,%vol
5889,MAFUMEIRA,OUTLET LINE FROM OIL LACT UNIT TO MALONGO TERMINAL,CRUDE OIL,2025-04-14,04:00,MAFEXP-01,SEDIMENT,0.00,%vol
5888,MAFUMEIRA,OUTLET LINE FROM OIL LACT UNIT TO MALONGO TERMINAL,CRUDE OIL,2025-04-14,04:00,MAFEXP-01,SALT,6.00,lb/1000 bbl
5887,MAFUMEIRA,OUTLET LINE FROM OIL LACT UNIT TO MALONGO TERMINAL,CRUDE OIL,2025-04-29,04:00,MAFEXP-01,DENSITY,0.85,g/cm3
5886,MAFUMEIRA,OUTLET LINE FROM OIL LACT UNIT TO MALONGO TERMINAL,CRUDE OIL,2025-04-29,04:00,MAFEXP-01,API@60,0.85,Degrees
5885,MAFUMEIRA,OUTLET LINE FROM OIL LACT UNIT TO MALONGO TERMINAL,CRUDE OIL,2025-04-29,04:00,MAFEXP-01,OIL GREASE,2.00,mg/L
5884,MAFUMEIRA,OUTLET LINE FROM OIL LACT UNIT TO MALONGO TERMINAL,CRUDE OIL,2025-04-29,04:00,MAFEXP-01,VAPOR PRESSURE,35.10,psi
5883,MAFUMEIRA,OUTLET LINE FROM OIL LACT UNIT TO MALONGO TERMINAL,CRUDE OIL,2025-04-29,04:00,MAFEXP-01,TOTAL SULFUR,3.64,%(w/w)
5882,MAFUMEIRA,OUTLET LINE FROM OIL LACT UNIT TO MALONGO TERMINAL,CRUDE OIL,2025-04-29,04:00,MAFEXP-01,SALT,7.00,lbs/1000 bbl
5881,MAFUMEIRA,OUTLET LINE FROM OIL LACT UNIT TO MALONGO TERMINAL,CRUDE OIL,2025-04-29,04:00,MAFEXP-01,BS&W,0.05,%(v/v)
5880,MAFUMEIRA,OUTLET LINE FROM OIL LACT UNIT TO MALONGO TERMINAL,CRUDE OIL,2025-04-29,04:00,MAFEXP-01,EMUL (NOEB),0.05,%(v/v)
5879,MAFUMEIRA,OUTLET LINE FROM OIL LACT UNIT TO MALONGO TERMINAL,CRUDE OIL,2025-04-29,04:00,MAFEXP-01,WATER,0.00,%(v/v)
5874,MAFUMEIRA,OUTLET LINE FROM OIL LACT UNIT TO MALONGO TERMINAL,CRUDE OIL,2025-04-02,04:00,MAFEXP-01,VAPOR PRESSURE,2.93,psi
5873,MAFUMEIRA,OUTLET LINE FROM OIL LACT UNIT TO MALONGO TERMINAL,CRUDE OIL,2025-04-02,04:00,MAFEXP-01,DENSITY @ 15C,0.86,g/cm^3
5872,MAFUMEIRA,OUTLET LINE FROM OIL LACT UNIT TO MALONGO TERMINAL,CRUDE OIL,2025-04-02,04:00,MAFEXP-01,BS&W,0.05,%vol
5871,MAFUMEIRA,OUTLET LINE FROM OIL LACT UNIT TO MALONGO TERMINAL,CRUDE OIL,2025-04-02,04:00,MAFEXP-01,WATER,0.05,%vol
5870,MAFUMEIRA,OUTLET LINE FROM OIL LACT UNIT TO MALONGO TERMINAL,CRUDE OIL,2025-04-02,04:00,MAFEXP-01,EMULSION,0.05,%vol
5869,MAFUMEIRA,OUTLET LINE FROM OIL LACT UNIT TO MALONGO TERMINAL,CRUDE OIL,2025-04-02,04:00,MAFEXP-01,SEDIMENT,0.00,%vol
5868,MAFUMEIRA,OUTLET LINE FROM OIL LACT UNIT TO MALONGO TERMINAL,CRUDE OIL,2025-04-02,04:00,MAFEXP-01,SALT,10.00,lb/1000 bbl
5867,MAFUMEIRA,OUTLET LINE FROM OIL LACT UNIT TO MALONGO TERMINAL,CRUDE OIL,2025-04-11,04:00,MAFEXP-01,VAPOR PRESSURE,2.96,psi
5866,MAFUMEIRA,OUTLET LINE FROM OIL LACT UNIT TO MALONGO TERMINAL,CRUDE OIL,2025-04-11,04:00,MAFEXP-01,DENSITY @ 15°C,0.86,g/cm^3
5865,MAFUMEIRA,OUTLET LINE FROM OIL LACT UNIT TO MALONGO TERMINAL,CRUDE OIL,2025-04-11,04:00,MAFEXP-01,BS&W,0.05,%vol
5864,MAFUMEIRA,OUTLET LINE FROM OIL LACT UNIT TO MALONGO TERMINAL,CRUDE OIL,2025-04-11,04:00,MAFEXP-01,WATER,0.05,%vol
5863,MAFUMEIRA,OUTLET LINE FROM OIL LACT UNIT TO MALONGO TERMINAL,CRUDE OIL,2025-04-11,04:00,MAFEXP-01,EMUL (NOEB),0.05,%vol
5862,MAFUMEIRA,OUTLET LINE FROM OIL LACT UNIT TO MALONGO TERMINAL,CRUDE OIL,2025-04-11,04:00,MAFEXP-01,SEDIMENT,0.00,%vol
5861,MAFUMEIRA,OUTLET LINE FROM OIL LACT UNIT TO MALONGO TERMINAL,CRUDE OIL,2025-04-11,04:00,MAFEXP-01,SALT,9.00,lb/1000 bbl
5860,MALONGO TERMINAL,OUTLET LINE FROM OIL LACT,CRUDE OIL,2025-04-16,04:00,MAFEXP-01,VAPOR PRESSURE,3.41,psi
5859,MALONGO TERMINAL,OUTLET LINE FROM OIL LACT,CRUDE OIL,2025-04-16,04:00,MAFEXP-01,DENSITY @ 15°C,0.86,g/cm^3
5858,MALONGO TERMINAL,OUTLET LINE FROM OIL LACT,CRUDE OIL,2025-04-16,04:00,MAFEXP-01,BS&W,0.05,%vol
5857,MALONGO TERMINAL,OUTLET LINE FROM OIL LACT,CRUDE OIL,2025-04-16,04:00,MAFEXP-01,WATER,0.05,%vol
5856,MALONGO TERMINAL,OUTLET LINE FROM OIL LACT,CRUDE OIL,2025-04-16,04:00,MAFEXP-01,EMUL (NOEB),0.05,%vol
5855,MALONGO TERMINAL,OUTLET LINE FROM OIL LACT,CRUDE OIL,2025-04-16,04:00,MAFEXP-01,SEDIMENT,0.00,%vol
5854,MALONGO TERMINAL,OUTLET LINE FROM OIL LACT,CRUDE OIL,2025-04-16,04:00,MAFEXP-01,SALT,9.00,lb/1000 bbl
5853,MAFUMEIRA,OUTLET LINE FROM OIL LACT UNIT TO MALONGO TERMINAL,CRUDE OIL,2025-04-13,04:00,MAFEXP-01,SPECIFIC GRAVITY,0.86,(dimensionless)
5852,MAFUMEIRA,OUTLET LINE FROM OIL LACT UNIT TO MALONGO TERMINAL,CRUDE OIL,2025-04-13,04:00,MAFEXP-01,VAPOR PRESSURE,3.12,psi
5851,MAFUMEIRA,OUTLET LINE FROM OIL LACT UNIT TO MALONGO TERMINAL,CRUDE OIL,2025-04-13,04:00,MAFEXP-01,DENSITY @ 15C,0.86,g/cm³
5850,MAFUMEIRA,OUTLET LINE FROM OIL LACT UNIT TO MALONGO TERMINAL,CRUDE OIL,2025-04-13,04:00,MAFEXP-01,API,32.40,°API (unitless)
5849,MAFUMEIRA,OUTLET LINE FROM OIL LACT UNIT TO MALONGO TERMINAL,CRUDE OIL,2025-04-13,04:00,MAFEXP-01,BS&W,0.05,%vol
5848,MAFUMEIRA,OUTLET LINE FROM OIL LACT UNIT TO MALONGO TERMINAL,CRUDE OIL,2025-04-13,04:00,MAFEXP-01,WATER,0.05,%vol
5847,MAFUMEIRA,OUTLET LINE FROM OIL LACT UNIT TO MALONGO TERMINAL,CRUDE OIL,2025-04-13,04:00,MAFEXP-01,EMULSION,0.05,%vol
5846,MAFUMEIRA,OUTLET LINE FROM OIL LACT UNIT TO MALONGO TERMINAL,CRUDE OIL,2025-04-13,04:00,MAFEXP-01,SEDIMENT,0.00,%vol
5845,MAFUMEIRA,OUTLET LINE FROM OIL LACT UNIT TO MALONGO TERMINAL,CRUDE OIL,2025-04-13,04:00,MAFEXP-01,SALT,6.00,lb/1000 bbl
5844,MAFUMEIRA,OUTLET LINE FROM OIL LACT UNIT TO MALONGO TERMINAL,CRUDE OIL,2025-04-12,04:00,MAFEXP-01,SPECIFIC GRAVITY,0.86,ASTM D4052
5843,MAFUMEIRA,OUTLET LINE FROM OIL LACT UNIT TO MALONGO TERMINAL,CRUDE OIL,2025-04-12,04:00,MAFEXP-01,VAPOR PRESSURE,2.77,psi
5842,MAFUMEIRA,OUTLET LINE FROM OIL LACT UNIT TO MALONGO TERMINAL,CRUDE OIL,2025-04-12,04:00,MAFEXP-01,DENSITY @ 15°C,0.86,g/cm³
5841,MAFUMEIRA,OUTLET LINE FROM OIL LACT UNIT TO MALONGO TERMINAL,CRUDE OIL,2025-04-12,04:00,MAFEXP-01,API,33.10,ASTM D4052
5840,MAFUMEIRA,OUTLET LINE FROM OIL LACT UNIT TO MALONGO TERMINAL,CRUDE OIL,2025-04-12,04:00,MAFEXP-01,BS&W,0.05,%vol
5839,MAFUMEIRA,OUTLET LINE FROM OIL LACT UNIT TO MALONGO TERMINAL,CRUDE OIL,2025-04-12,04:00,MAFEXP-01,WATER,0.05,%vol
5838,MAFUMEIRA,OUTLET LINE FROM OIL LACT UNIT TO MALONGO TERMINAL,CRUDE OIL,2025-04-12,04:00,MAFEXP-01,EMUL (NOEB),0.05,%vol
5837,MAFUMEIRA,OUTLET LINE FROM OIL LACT UNIT TO MALONGO TERMINAL,CRUDE OIL,2025-04-12,04:00,MAFEXP-01,SEDIMENT,0.00,%vol
5836,MAFUMEIRA,OUTLET LINE FROM OIL LACT UNIT TO MALONGO TERMINAL,CRUDE OIL,2025-04-12,04:00,MAFEXP-01,SALT,9.00,lb/1000 bbl
5835,MAFUMEIRA,OUTLET LINE FROM OIL LACT UNIT TO MALONGO TERMINAL,CRUDE OIL,2025-04-15,04:00,MAFEXP-01,VAPOR PRESSURE,2.83,psi
5834,MAFUMEIRA,OUTLET LINE FROM OIL LACT UNIT TO MALONGO TERMINAL,CRUDE OIL,2025-04-15,04:00,MAFEXP-01,DENSITY @ 15C,0.86,g/cm^3
5833,MAFUMEIRA,OUTLET LINE FROM OIL LACT UNIT TO MALONGO TERMINAL,CRUDE OIL,2025-04-15,04:00,MAFEXP-01,BS&W,0.05,%vol
5832,MAFUMEIRA,OUTLET LINE FROM OIL LACT UNIT TO MALONGO TERMINAL,CRUDE OIL,2025-04-15,04:00,MAFEXP-01,WATER,0.05,%vol
5831,MAFUMEIRA,OUTLET LINE FROM OIL LACT UNIT TO MALONGO TERMINAL,CRUDE OIL,2025-04-15,04:00,MAFEXP-01,EMULSION,0.05,%vol
5830,MAFUMEIRA,OUTLET LINE FROM OIL LACT UNIT TO MALONGO TERMINAL,CRUDE OIL,2025-04-15,04:00,MAFEXP-01,SEDIMENT,0.00,%vol
5829,MAFUMEIRA,OUTLET LINE FROM OIL LACT UNIT TO MALONGO TERMINAL,CRUDE OIL,2025-04-15,04:00,MAFEXP-01,SALT,7.00,lb/1000 bbl
5828,MAFUMEIRA,OUTLET LINE FROM OIL LACT UNIT TO MALONGO TE,CRUDE OIL,2025-04-28,04:00 AM,MAFEXP-01,DENSITY,0.85,g/cm3
5827,MAFUMEIRA,OUTLET LINE FROM OIL LACT UNIT TO MALONGO TE,CRUDE OIL,2025-04-28,04:00 AM,MAFEXP-01,VAPOR PRESSURE,35.30,psi
5826,MAFUMEIRA,OUTLET LINE FROM OIL LACT UNIT TO MALONGO TE,CRUDE OIL,2025-04-28,04:00 AM,MAFEXP-01,TOTAL SULFUR,3.52,%(w/w)
5825,MAFUMEIRA,OUTLET LINE FROM OIL LACT UNIT TO MALONGO TE,CRUDE OIL,2025-04-28,04:00 AM,MAFEXP-01,SALT,6.00,lb/1000
5824,MAFUMEIRA,OUTLET LINE FROM OIL LACT UNIT TO MALONGO TE,CRUDE OIL,2025-04-28,04:00 AM,MAFEXP-01,BS&W,0.05,%(v/v)
5823,MAFUMEIRA,OUTLET LINE FROM OIL LACT UNIT TO MALONGO TE,CRUDE OIL,2025-04-28,04:00 AM,MAFEXP-01,WATER,0.05,%(v/v)
5822,MAFUMEIRA,OUTLET LINE FROM OIL LACT UNIT TO MALONGO TE,CRUDE OIL,2025-04-28,04:00 AM,MAFEXP-01,EMUL,0.05,%(v/v)
5821,MAFUMEIRA,OUTLET LINE FROM OIL LACT UNIT TO MALONGO TE,CRUDE OIL,2025-04-28,04:00 AM,MAFEXP-01,OIL GREASE,0.05,mg/L
5816,MAFUMEIRA,OUTLET LINE FROM OIL LACT UNIT TO MALONGO TERMINAL,CRUDE OIL,2025-04-04,04:00,MAFEXP-01,VAPOR PRESSURE,3.20,psi
5815,MAFUMEIRA,OUTLET LINE FROM OIL LACT UNIT TO MALONGO TERMINAL,CRUDE OIL,2025-04-04,04:00,MAFEXP-01,DENSITY @ 15C,0.86,g/cm^3
5814,MAFUMEIRA,OUTLET LINE FROM OIL LACT UNIT TO MALONGO TERMINAL,CRUDE OIL,2025-04-04,04:00,MAFEXP-01,BS&W,0.05,%vol
5813,MAFUMEIRA,OUTLET LINE FROM OIL LACT UNIT TO MALONGO TERMINAL,CRUDE OIL,2025-04-04,04:00,MAFEXP-01,WATER,0.05,%vol
5812,MAFUMEIRA,OUTLET LINE FROM OIL LACT UNIT TO MALONGO TERMINAL,CRUDE OIL,2025-04-04,04:00,MAFEXP-01,EMULSION,0.05,%vol
5811,MAFUMEIRA,OUTLET LINE FROM OIL LACT UNIT TO MALONGO TERMINAL,CRUDE OIL,2025-04-04,04:00,MAFEXP-01,SEDIMENT,0.00,%vol
5810,MAFUMEIRA,OUTLET LINE FROM OIL LACT UNIT TO MALONGO TERMINAL,CRUDE OIL,2025-04-04,04:00,MAFEXP-01,SALT,15.00,lb/1000 bbl
5809,MAFUMEIRA,OUTLET LINE FROM OIL LACT UNIT TO MALONGO TERMINAL,CRUDE OIL,2025-04-05,04:00,MAFEXP-01,VAPOR PRESSURE,3.52,psi
5808,MAFUMEIRA,OUTLET LINE FROM OIL LACT UNIT TO MALONGO TERMINAL,CRUDE OIL,2025-04-05,04:00,MAFEXP-01,DENSITY @ 15°C,0.86,g/cm^3
5807,MAFUMEIRA,OUTLET LINE FROM OIL LACT UNIT TO MALONGO TERMINAL,CRUDE OIL,2025-04-05,04:00,MAFEXP-01,BS&W,0.05,%vol
5806,MAFUMEIRA,OUTLET LINE FROM OIL LACT UNIT TO MALONGO TERMINAL,CRUDE OIL,2025-04-05,04:00,MAFEXP-01,WATER,0.05,%vol
5805,MAFUMEIRA,OUTLET LINE FROM OIL LACT UNIT TO MALONGO TERMINAL,CRUDE OIL,2025-04-05,04:00,MAFEXP-01,EMUL,0.05,%vol
5804,MAFUMEIRA,OUTLET LINE FROM OIL LACT UNIT TO MALONGO TERMINAL,CRUDE OIL,2025-04-05,04:00,MAFEXP-01,SEDIMENT,0.00,%vol
5803,MAFUMEIRA,OUTLET LINE FROM OIL LACT UNIT TO MALONGO TERMINAL,CRUDE OIL,2025-04-05,04:00,MAFEXP-01,SALT,12.00,lb/1000 bbl
5802,MAFUMEIRA,OUTLET LINE FROM OIL LACT UNIT TO MALONGO TERMINAL,CRUDE OIL,2025-04-07,04:00,MAFEXP-01,VAPOR PRESSURE,3.51,psi
5801,MAFUMEIRA,OUTLET LINE FROM OIL LACT UNIT TO MALONGO TERMINAL,CRUDE OIL,2025-04-07,04:00,MAFEXP-01,DENSITY @ 15°C,0.86,g/cm^3
5800,MAFUMEIRA,OUTLET LINE FROM OIL LACT UNIT TO MALONGO TERMINAL,CRUDE OIL,2025-04-07,04:00,MAFEXP-01,BS&W,0.05,%vol
5799,MAFUMEIRA,OUTLET LINE FROM OIL LACT UNIT TO MALONGO TERMINAL,CRUDE OIL,2025-04-07,04:00,MAFEXP-01,WATER,0.05,%vol
5798,MAFUMEIRA,OUTLET LINE FROM OIL LACT UNIT TO MALONGO TERMINAL,CRUDE OIL,2025-04-07,04:00,MAFEXP-01,EMUL (NOEB),0.05,%vol
5797,MAFUMEIRA,OUTLET LINE FROM OIL LACT UNIT TO MALONGO TERMINAL,CRUDE OIL,2025-04-07,04:00,MAFEXP-01,SEDIMENT,0.00,%vol
5796,MAFUMEIRA,OUTLET LINE FROM OIL LACT UNIT TO MALONGO TERMINAL,CRUDE OIL,2025-04-07,04:00,MAFEXP-01,SALT,8.00,lb/1000 bbl
5795,MALONGO TERMINAL,OUTLET LINE FROM OIL LACT,CRUDE OIL,2025-04-10,04:00,MAFEXP-01,VAPOR PRESSURE,3.40,psi
5794,MALONGO TERMINAL,OUTLET LINE FROM OIL LACT,CRUDE OIL,2025-04-10,04:00,MAFEXP-01,DENSITY @ 15°C,0.86,g/cm³
5793,MALONGO TERMINAL,OUTLET LINE FROM OIL LACT,CRUDE OIL,2025-04-10,04:00,MAFEXP-01,BS&W,0.05,%vol
5792,MALONGO TERMINAL,OUTLET LINE FROM OIL LACT,CRUDE OIL,2025-04-10,04:00,MAFEXP-01,WATER,0.05,%vol
5791,MALONGO TERMINAL,OUTLET LINE FROM OIL LACT,CRUDE OIL,2025-04-10,04:00,MAFEXP-01,EMUL (NOEB),0.05,%vol
5790,MALONGO TERMINAL,OUTLET LINE FROM OIL LACT,CRUDE OIL,2025-04-10,04:00,MAFEXP-01,SEDIMENT,0.00,%vol
5789,MALONGO TERMINAL,OUTLET LINE FROM OIL LACT,CRUDE OIL,2025-04-10,04:00,MAFEXP-01,SALT,10.00,lb/1000 bbl
5788,MAFUMEIRA,OUTLET LINE FROM OIL LACT UNIT TO MALONGO TERMINAL,CRUDE OIL,2025-04-06,04:00,MAFEXP-01,VAPOR PRESSURE,3.52,psi
5787,MAFUMEIRA,OUTLET LINE FROM OIL LACT UNIT TO MALONGO TERMINAL,CRUDE OIL,2025-04-06,04:00,MAFEXP-01,DENSITY @ 15C,0.86,g/cm^3
5786,MAFUMEIRA,OUTLET LINE FROM OIL LACT UNIT TO MALONGO TERMINAL,CRUDE OIL,2025-04-06,04:00,MAFEXP-01,BS&W,0.05,%vol
5785,MAFUMEIRA,OUTLET LINE FROM OIL LACT UNIT TO MALONGO TERMINAL,CRUDE OIL,2025-04-06,04:00,MAFEXP-01,WATER,0.05,%vol
5784,MAFUMEIRA,OUTLET LINE FROM OIL LACT UNIT TO MALONGO TERMINAL,CRUDE OIL,2025-04-06,04:00,MAFEXP-01,EMULSION,0.05,%vol
5783,MAFUMEIRA,OUTLET LINE FROM OIL LACT UNIT TO MALONGO TERMINAL,CRUDE OIL,2025-04-06,04:00,MAFEXP-01,SEDIMENT,0.00,%vol
5782,MAFUMEIRA,OUTLET LINE FROM OIL LACT UNIT TO MALONGO TERMINAL,CRUDE OIL,2025-04-06,04:00,MAFEXP-01,SALT,12.00,lb/1000 bbl
5781,MAFUMEIRA,OUTLET LINE FROM OIL LACT UNIT TO MALONGO TE,CRUDE OIL,2025-05-07,04:00,MAFEXP-01,API@60,0.85,Degrees
5780,MAFUMEIRA,OUTLET LINE FROM OIL LACT UNIT TO MALONGO TE,CRUDE OIL,2025-05-07,04:00,MAFEXP-01,OIL GREASE,0.85,mg/L
5779,MAFUMEIRA,OUTLET LINE FROM OIL LACT UNIT TO MALONGO TE,CRUDE OIL,2025-05-07,04:00,MAFEXP-01,VAPOR PRESSURE,35.30,psi
5778,MAFUMEIRA,OUTLET LINE FROM OIL LACT UNIT TO MALONGO TE,CRUDE OIL,2025-05-07,04:00,MAFEXP-01,TOTAL SULFUR,3.88,%(w/w)
5777,MAFUMEIRA,OUTLET LINE FROM OIL LACT UNIT TO MALONGO TE,CRUDE OIL,2025-05-07,04:00,MAFEXP-01,SALT,28.00,lbs/100
5776,MAFUMEIRA,OUTLET LINE FROM OIL LACT UNIT TO MALONGO TE,CRUDE OIL,2025-05-07,04:00,MAFEXP-01,BS&W,0.05,%(v/v)
5775,MAFUMEIRA,OUTLET LINE FROM OIL LACT UNIT TO MALONGO TE,CRUDE OIL,2025-05-07,04:00,MAFEXP-01,EMUL (NOEB),0.05,%(v/v)
5774,MAFUMEIRA,OUTLET LINE FROM OIL LACT UNIT TO MALONGO TE,CRUDE OIL,2025-05-07,04:00,MAFEXP-01,WATER,0.00,%(v/v)
5771,MALONGO TERMINAL,OUTLET LINE FROM OIL LACT UNIT TO MALONGO TE,CRUDE OIL,2025-05-08,04:00,MAFEXP-01,DENSITY,0.85,g/cm³
5770,MALONGO TERMINAL,OUTLET LINE FROM OIL LACT UNIT TO MALONGO TE,CRUDE OIL,2025-05-08,04:00,MAFEXP-01,API@60,0.85,Degrees
5769,MALONGO TERMINAL,OUTLET LINE FROM OIL LACT UNIT TO MALONGO TE,CRUDE OIL,2025-05-08,04:00,MAFEXP-01,VAPOR PRESSURE,35.50,psi
5768,MALONGO TERMINAL,OUTLET LINE FROM OIL LACT UNIT TO MALONGO TE,CRUDE OIL,2025-05-08,04:00,MAFEXP-01,TOTAL SULFUR,3.80,% (w/w)
5767,MALONGO TERMINAL,OUTLET LINE FROM OIL LACT UNIT TO MALONGO TE,CRUDE OIL,2025-05-08,04:00,MAFEXP-01,SALT,9.00,lbs/100
5766,MALONGO TERMINAL,OUTLET LINE FROM OIL LACT UNIT TO MALONGO TE,CRUDE OIL,2025-05-08,04:00,MAFEXP-01,BS&W,0.05,% (v/v)
5765,MALONGO TERMINAL,OUTLET LINE FROM OIL LACT UNIT TO MALONGO TE,CRUDE OIL,2025-05-08,04:00,MAFEXP-01,WATER,0.05,% (v/v)
5764,MALONGO TERMINAL,OUTLET LINE FROM OIL LACT UNIT TO MALONGO TE,CRUDE OIL,2025-05-08,04:00,MAFEXP-01,EMUL (NOEB),0.05,% (v/v)
5763,MALONGO TERMINAL,OUTLET LINE FROM OIL LACT UNIT TO MALONGO TE,CRUDE OIL,2025-05-08,04:00,MAFEXP-01,OIL GREASE,0.00,mg/L
5758,MAFUMERIA,OUTLET LINE FROM OIL LACT UNIT TO MALONGO TERMINAL,CRUDE OIL,2025-05-04,04:00,MAFEXP-01,DENSITY,0.85,G/CM3
5757,MAFUMERIA,OUTLET LINE FROM OIL LACT UNIT TO MALONGO TERMINAL,CRUDE OIL,2025-05-04,04:00,MAFEXP-01,API@60,0.85,DEGREES
5756,MAFUMERIA,OUTLET LINE FROM OIL LACT UNIT TO MALONGO TERMINAL,CRUDE OIL,2025-05-04,04:00,MAFEXP-01,OIL GREASE,2.00,MG/L
5755,MAFUMERIA,OUTLET LINE FROM OIL LACT UNIT TO MALONGO TERMINAL,CRUDE OIL,2025-05-04,04:00,MAFEXP-01,VAPOR PRESSURE,35.60,PSI
5754,MAFUMERIA,OUTLET LINE FROM OIL LACT UNIT TO MALONGO TERMINAL,CRUDE OIL,2025-05-04,04:00,MAFEXP-01,TOTAL SULFUR,3.74,% (w/w)
5753,MAFUMERIA,OUTLET LINE FROM OIL LACT UNIT TO MALONGO TERMINAL,CRUDE OIL,2025-05-04,04:00,MAFEXP-01,SALT,13.00,LB/1000
5752,MAFUMERIA,OUTLET LINE FROM OIL LACT UNIT TO MALONGO TERMINAL,CRUDE OIL,2025-05-04,04:00,MAFEXP-01,BS&W,0.05,% (v/v)
5751,MAFUMERIA,OUTLET LINE FROM OIL LACT UNIT TO MALONGO TERMINAL,CRUDE OIL,2025-05-04,04:00,MAFEXP-01,WATER,0.05,% (v/v)
5750,MAFUMERIA,OUTLET LINE FROM OIL LACT UNIT TO MALONGO TERMINAL,CRUDE OIL,2025-05-04,04:00,MAFEXP-01,EMUL (NOEB),0.05,% (v/v)
5745,MAFUMEIRA,OUTLET LINE FROM OIL LACT UNIT TO MALONGO TERMINAL,CRUDE OIL,2025-04-21,04:00,MAFEXP-01,VAPOR PRESSURE,3.15,psi
5744,MAFUMEIRA,OUTLET LINE FROM OIL LACT UNIT TO MALONGO TERMINAL,CRUDE OIL,2025-04-21,04:00,MAFEXP-01,DENSITY @ 15C,0.86,g/cm^3
5743,MAFUMEIRA,OUTLET LINE FROM OIL LACT UNIT TO MALONGO TERMINAL,CRUDE OIL,2025-04-21,04:00,MAFEXP-01,BS&W,0.05,%vol
5742,MAFUMEIRA,OUTLET LINE FROM OIL LACT UNIT TO MALONGO TERMINAL,CRUDE OIL,2025-04-21,04:00,MAFEXP-01,WATER,0.05,%vol
5741,MAFUMEIRA,OUTLET LINE FROM OIL LACT UNIT TO MALONGO TERMINAL,CRUDE OIL,2025-04-21,04:00,MAFEXP-01,EMUL (NOEB),0.05,%vol
5740,MAFUMEIRA,OUTLET LINE FROM OIL LACT UNIT TO MALONGO TERMINAL,CRUDE OIL,2025-04-21,04:00,MAFEXP-01,SEDIMENT,0.00,%vol
5739,MAFUMEIRA,OUTLET LINE FROM OIL LACT UNIT TO MALONGO TERMINAL,CRUDE OIL,2025-04-21,04:00,MAFEXP-01,SALT,7.00,lb/1000 bbl
5738,MAFUMEIRA,OUTLET LINE FROM OIL LACT UNIT TO MALONGO TERMINAL,CRUDE OIL,2025-04-20,04:00,MAFEXP-01,VAPOR PRESSURE,3.28,psi
5737,MAFUMEIRA,OUTLET LINE FROM OIL LACT UNIT TO MALONGO TERMINAL,CRUDE OIL,2025-04-20,04:00,MAFEXP-01,DENSITY @ 15C,0.86,g/cm^3
5736,MAFUMEIRA,OUTLET LINE FROM OIL LACT UNIT TO MALONGO TERMINAL,CRUDE OIL,2025-04-20,04:00,MAFEXP-01,BS&W,0.05,%vol
5735,MAFUMEIRA,OUTLET LINE FROM OIL LACT UNIT TO MALONGO TERMINAL,CRUDE OIL,2025-04-20,04:00,MAFEXP-01,WATER,0.05,%vol
5734,MAFUMEIRA,OUTLET LINE FROM OIL LACT UNIT TO MALONGO TERMINAL,CRUDE OIL,2025-04-20,04:00,MAFEXP-01,EMULSION,0.05,%vol
5733,MAFUMEIRA,OUTLET LINE FROM OIL LACT UNIT TO MALONGO TERMINAL,CRUDE OIL,2025-04-20,04:00,MAFEXP-01,SEDIMENT,0.00,%vol
5732,MAFUMEIRA,OUTLET LINE FROM OIL LACT UNIT TO MALONGO TERMINAL,CRUDE OIL,2025-04-20,04:00,MAFEXP-01,SALT,9.00,lb/1000 bbl
5731,CABINDA GULF OI COMPANY,OUTLET LINE FROM OIL LACT UNIT TO MALONGO TERMINAL,CRUDE OIL,2025-05-02,04:00,MAFEXP-01,DENSITY,0.85,g/cm3
5730,CABINDA GULF OI COMPANY,OUTLET LINE FROM OIL LACT UNIT TO MALONGO TERMINAL,CRUDE OIL,2025-05-02,04:00,MAFEXP-01,VAPOR PRESSURE,35.60,psi
5729,CABINDA GULF OI COMPANY,OUTLET LINE FROM OIL LACT UNIT TO MALONGO TERMINAL,CRUDE OIL,2025-05-02,04:00,MAFEXP-01,TOTAL SULFUR,3.72,%(w/w)
5728,CABINDA GULF OI COMPANY,OUTLET LINE FROM OIL LACT UNIT TO MALONGO TERMINAL,CRUDE OIL,2025-05-02,04:00,MAFEXP-01,BS&W,0.05,% (v/v)
5718,MAFUMEIRA,OUTLET LINE FROM OIL LACT UNIT TO MALONGO TERMINAL,CRUDE OIL,2025-04-18,04:00,MAFEXP-01,VAPOR PRESSURE,3.21,psi
5717,MAFUMEIRA,OUTLET LINE FROM OIL LACT UNIT TO MALONGO TERMINAL,CRUDE OIL,2025-04-18,04:00,MAFEXP-01,DENSITY @ 15C,0.86,g/cm^3
5716,MAFUMEIRA,OUTLET LINE FROM OIL LACT UNIT TO MALONGO TERMINAL,CRUDE OIL,2025-04-18,04:00,MAFEXP-01,BS&W,0.05,%vol
5715,MAFUMEIRA,OUTLET LINE FROM OIL LACT UNIT TO MALONGO TERMINAL,CRUDE OIL,2025-04-18,04:00,MAFEXP-01,WATER,0.05,%vol
5714,MAFUMEIRA,OUTLET LINE FROM OIL LACT UNIT TO MALONGO TERMINAL,CRUDE OIL,2025-04-18,04:00,MAFEXP-01,EMULSION,0.05,%vol
5713,MAFUMEIRA,OUTLET LINE FROM OIL LACT UNIT TO MALONGO TERMINAL,CRUDE OIL,2025-04-18,04:00,MAFEXP-01,SEDIMENT,0.00,%vol
5712,MAFUMEIRA,OUTLET LINE FROM OIL LACT UNIT TO MALONGO TERMINAL,CRUDE OIL,2025-04-18,04:00,MAFEXP-01,SALT,7.00,lb/1000 bbl
5711,MAFUMEIRA,OUTLET LINE FROM OIL LACT UNIT TO MALONGO TE,CRUDE OIL,2025-04-01,4:00 AM,MAFEXP-01,DENSITY,0.86,g/cm3
5710,MAFUMEIRA,OUTLET LINE FROM OIL LACT UNIT TO MALONGO TE,CRUDE OIL,2025-04-01,4:00 AM,MAFEXP-01,API@60,0.86,Degrees
5709,MAFUMEIRA,OUTLET LINE FROM OIL LACT UNIT TO MALONGO TE,CRUDE OIL,2025-04-01,4:00 AM,MAFEXP-01,OIL GREASE,2.00,mg/L
5708,MAFUMEIRA,OUTLET LINE FROM OIL LACT UNIT TO MALONGO TE,CRUDE OIL,2025-04-01,4:00 AM,MAFEXP-01,VAPOR PRESSURE,33.40,psi
5707,MAFUMEIRA,OUTLET LINE FROM OIL LACT UNIT TO MALONGO TE,CRUDE OIL,2025-04-01,4:00 AM,MAFEXP-01,SULFUR TOTAL,2.84,%(w/w)
5706,MAFUMEIRA,OUTLET LINE FROM OIL LACT UNIT TO MALONGO TE,CRUDE OIL,2025-04-01,4:00 AM,MAFEXP-01,SALT,8.00,lb/1000 bbl
5705,MAFUMEIRA,OUTLET LINE FROM OIL LACT UNIT TO MALONGO TE,CRUDE OIL,2025-04-01,4:00 AM,MAFEXP-01,BS&W,0.05,%(v/v)
5704,MAFUMEIRA,OUTLET LINE FROM OIL LACT UNIT TO MALONGO TE,CRUDE OIL,2025-04-01,4:00 AM,MAFEXP-01,WATER,0.05,%(v/v)
5703,MAFUMEIRA,OUTLET LINE FROM OIL LACT UNIT TO MALONGO TE,CRUDE OIL,2025-04-01,4:00 AM,MAFEXP-01,EMUL (NOEB),0.05,%(v/v)
5702,MAFUMEIRA,OUTLET LINE FROM OIL LACT UNIT TO MALONGO TE,CRUDE OIL,2025-04-01,4:00 AM,MAFEXP-01,SEDIMENT,0.00,%(v)
5701,CABINDA GULF OIL COMPANY,OUTLET LINE FROM OIL LACT UNIT TO MALONGO TERMINAL,CRUDE OIL,2025-05-06,4:00 AM,MAFEXP-01,DENSITY,0.85,g/cm3
5700,CABINDA GULF OIL COMPANY,OUTLET LINE FROM OIL LACT UNIT TO MALONGO TERMINAL,CRUDE OIL,2025-05-06,4:00 AM,MAFEXP-01,API@60,35.40,degrees
5699,CABINDA GULF OIL COMPANY,OUTLET LINE FROM OIL LACT UNIT TO MALONGO TERMINAL,CRUDE OIL,2025-05-06,4:00 AM,MAFEXP-01,OIL GREASE,16.00,mg/L
5698,CABINDA GULF OIL COMPANY,OUTLET LINE FROM OIL LACT UNIT TO MALONGO TERMINAL,CRUDE OIL,2025-05-06,4:00 AM,MAFEXP-01,BS&W,0.05,% (v/v)
5693,CABINDA GULF OI COMPANY,OUTLET LINE FROM OIL LACT UNIT TO MALONGO TERMINAL,CRUDE OIL,2025-05-01,6:00,MAFEXP-01,BS&W,0.05,% (v/v)
5692,CABINDA GULF OI COMPANY,OUTLET LINE FROM OIL LACT UNIT TO MALONGO TERMINAL,CRUDE OIL,2025-05-01,6:00,MAFEXP-01,OIL GREASE,0.00,mg/L
5689,MAFUMEIRA,OUTLET LINE FROM OIL LACT UNIT TO MALONGO TERMINAL,CRUDE OIL,2025-04-19,04:00,MAFEXP-01,VAPOR PRESSURE,3.54,psi
5688,MAFUMEIRA,OUTLET LINE FROM OIL LACT UNIT TO MALONGO TERMINAL,CRUDE OIL,2025-04-19,04:00,MAFEXP-01,DENSITY @ 15°C,0.86,g/cm³
5687,MAFUMEIRA,OUTLET LINE FROM OIL LACT UNIT TO MALONGO TERMINAL,CRUDE OIL,2025-04-19,04:00,MAFEXP-01,BS&W,0.05,%vol
5686,MAFUMEIRA,OUTLET LINE FROM OIL LACT UNIT TO MALONGO TERMINAL,CRUDE OIL,2025-04-19,04:00,MAFEXP-01,WATER,0.05,%vol
5685,MAFUMEIRA,OUTLET LINE FROM OIL LACT UNIT TO MALONGO TERMINAL,CRUDE OIL,2025-04-19,04:00,MAFEXP-01,EMUL (NOEB),0.05,%vol
5684,MAFUMEIRA,OUTLET LINE FROM OIL LACT UNIT TO MALONGO TERMINAL,CRUDE OIL,2025-04-19,04:00,MAFEXP-01,SEDIMENT,0.00,%vol
5683,MAFUMEIRA,OUTLET LINE FROM OIL LACT UNIT TO MALONGO TERMINAL,CRUDE OIL,2025-04-19,04:00,MAFEXP-01,SALT,8.00,lb/1000 bbl
5682,MAFUMEIRA,OUTLET LINE FROM OIL LACT UNIT TO MALONGO TERMINAL,CRUDE OIL,2025-04-22,04:00,MAFEXP-01,VAPOR PRESSURE,3.78,psi
5681,MAFUMEIRA,OUTLET LINE FROM OIL LACT UNIT TO MALONGO TERMINAL,CRUDE OIL,2025-04-22,04:00,MAFEXP-01,DENSITY @ 15C,0.86,g/cm^3
5680,MAFUMEIRA,OUTLET LINE FROM OIL LACT UNIT TO MALONGO TERMINAL,CRUDE OIL,2025-04-22,04:00,MAFEXP-01,BS&W,0.05,%vol
5679,MAFUMEIRA,OUTLET LINE FROM OIL LACT UNIT TO MALONGO TERMINAL,CRUDE OIL,2025-04-22,04:00,MAFEXP-01,WATER,0.05,%vol
5678,MAFUMEIRA,OUTLET LINE FROM OIL LACT UNIT TO MALONGO TERMINAL,CRUDE OIL,2025-04-22,04:00,MAFEXP-01,EMUL (NOEB),0.05,%vol
5677,MAFUMEIRA,OUTLET LINE FROM OIL LACT UNIT TO MALONGO TERMINAL,CRUDE OIL,2025-04-22,04:00,MAFEXP-01,SEDIMENT,0.00,%vol
5676,MAFUMEIRA,OUTLET LINE FROM OIL LACT UNIT TO MALONGO TERMINAL,CRUDE OIL,2025-04-22,04:00,MAFEXP-01,SALT,7.00,lb/1000 bbl
5675,MAFUMEIRA,OUTLET LINE FROM OIL LACT UNIT TO MALONGO TERMINAL,CRUDE OIL,2025-04-17,04:00,MAFEXP-01,VAPOR PRESSURE,3.38,psi
5674,MAFUMEIRA,OUTLET LINE FROM OIL LACT UNIT TO MALONGO TERMINAL,CRUDE OIL,2025-04-17,04:00,MAFEXP-01,DENSITY @ 15°C,0.86,g/cm^3
5673,MAFUMEIRA,OUTLET LINE FROM OIL LACT UNIT TO MALONGO TERMINAL,CRUDE OIL,2025-04-17,04:00,MAFEXP-01,BS&W,0.05,%vol
5672,MAFUMEIRA,OUTLET LINE FROM OIL LACT UNIT TO MALONGO TERMINAL,CRUDE OIL,2025-04-17,04:00,MAFEXP-01,WATER,0.05,%vol
5671,MAFUMEIRA,OUTLET LINE FROM OIL LACT UNIT TO MALONGO TERMINAL,CRUDE OIL,2025-04-17,04:00,MAFEXP-01,EMULSION,0.05,%vol
5670,MAFUMEIRA,OUTLET LINE FROM OIL LACT UNIT TO MALONGO TERMINAL,CRUDE OIL,2025-04-17,04:00,MAFEXP-01,SEDIMENT,0.00,%vol
5669,MAFUMEIRA,OUTLET LINE FROM OIL LACT UNIT TO MALONGO TERMINAL,CRUDE OIL,2025-04-17,04:00,MAFEXP-01,SALT,10.00,lb/1000 bbl
5668,MAFUMEIRA,OUTLET LINE FROM OIL LACT UNIT TO MALONGO TE,CRUDE OIL,2025-05-03,04:00,MAFEXP-01,DENSITY,0.85,g/cm^3
5667,MAFUMEIRA,OUTLET LINE FROM OIL LACT UNIT TO MALONGO TE,CRUDE OIL,2025-05-03,04:00,MAFEXP-01,API@60,0.85,Degrees
5666,MAFUMEIRA,OUTLET LINE FROM OIL LACT UNIT TO MALONGO TE,CRUDE OIL,2025-05-03,04:00,MAFEXP-01,VAPOR PRESSURE,35.50,psi
5665,MAFUMEIRA,OUTLET LINE FROM OIL LACT UNIT TO MALONGO TE,CRUDE OIL,2025-05-03,04:00,MAFEXP-01,TOTAL SULFUR,3.79,%(w/w)
5664,MAFUMEIRA,OUTLET LINE FROM OIL LACT UNIT TO MALONGO TE,CRUDE OIL,2025-05-03,04:00,MAFEXP-01,SALT,20.00,lbs/1000 bbl
5663,MAFUMEIRA,OUTLET LINE FROM OIL LACT UNIT TO MALONGO TE,CRUDE OIL,2025-05-03,04:00,MAFEXP-01,BS&W,0.05,%(v/v)
5662,MAFUMEIRA,OUTLET LINE FROM OIL LACT UNIT TO MALONGO TE,CRUDE OIL,2025-05-03,04:00,MAFEXP-01,WATER,0.05,%(v/v)
5661,MAFUMEIRA,OUTLET LINE FROM OIL LACT UNIT TO MALONGO TE,CRUDE OIL,2025-05-03,04:00,MAFEXP-01,EMUL,0.05,%(v/v)
5660,MAFUMEIRA,OUTLET LINE FROM OIL LACT UNIT TO MALONGO TE,CRUDE OIL,2025-05-03,04:00,MAFEXP-01,SEDIMENT,0.00,%(v)
5659,MAFUMEIRA,OUTLET LINE FROM OIL LACT UNIT TO MALONGO TE,CRUDE OIL,2025-05-03,16:00,MAFEXP-01,OIL GREASE,10.00,mg/L
5654,MAFUMEIRA,OUTLET LINE FROM OIL LACT UNIT TO MALONGO TERMINAL,CRUDE OIL,2025-05-10,04:00 AM,MAFEXP-01,API@60,0.85,Degrees
5653,MAFUMEIRA,OUTLET LINE FROM OIL LACT UNIT TO MALONGO TERMINAL,CRUDE OIL,2025-05-10,04:00 AM,MAFEXP-01,OIL GREASE,0.85,mg/L
5652,MAFUMEIRA,OUTLET LINE FROM OIL LACT UNIT TO MALONGO TERMINAL,CRUDE OIL,2025-05-10,04:00 AM,MAFEXP-01,VAPOR PRESSURE,35.60,psi
5651,MAFUMEIRA,OUTLET LINE FROM OIL LACT UNIT TO MALONGO TERMINAL,CRUDE OIL,2025-05-10,04:00 AM,MAFEXP-01,TOTAL SULFUR,3.32,%(w/w)
5650,MAFUMEIRA,OUTLET LINE FROM OIL LACT UNIT TO MALONGO TERMINAL,CRUDE OIL,2025-05-10,04:00 AM,MAFEXP-01,SALT,11.00,lb/1000 bbl
5649,MAFUMEIRA,OUTLET LINE FROM OIL LACT UNIT TO MALONGO TERMINAL,CRUDE OIL,2025-05-10,04:00 AM,MAFEXP-01,BS&W,0.05,%(v/v)
5648,MAFUMEIRA,OUTLET LINE FROM OIL LACT UNIT TO MALONGO TERMINAL,CRUDE OIL,2025-05-10,04:00 AM,MAFEXP-01,EMUL (NOEB),0.05,%(v/v)
5647,MAFUMEIRA,OUTLET LINE FROM OIL LACT UNIT TO MALONGO TERMINAL,CRUDE OIL,2025-05-10,04:00 AM,MAFEXP-01,WATER,0.05,%(v/v)
5642,MAFUMEIRA,OUTLET LINE FROM OIL LACT UNIT TO MALONGO TE,CRUDE OIL,2025-05-09,4:00,MAFEXP-01,DENSITY,0.85,g/cm3
5641,MAFUMEIRA,OUTLET LINE FROM OIL LACT UNIT TO MALONGO TE,CRUDE OIL,2025-05-09,4:00,MAFEXP-01,API@60,35.60,Degrees
5640,MAFUMEIRA,OUTLET LINE FROM OIL LACT UNIT TO MALONGO TE,CRUDE OIL,2025-05-09,4:00,MAFEXP-01,TOTAL SULFUR,3.72,%(w/w)
5639,MAFUMEIRA,OUTLET LINE FROM OIL LACT UNIT TO MALONGO TE,CRUDE OIL,2025-05-09,4:00,MAFEXP-01,SALT,25.00,lb/1000 bbl
5638,MAFUMEIRA,OUTLET LINE FROM OIL LACT UNIT TO MALONGO TE,CRUDE OIL,2025-05-09,4:00,MAFEXP-01,SEDIMENT,0.05,%(v)
5637,MAFUMEIRA,OUTLET LINE FROM OIL LACT UNIT TO MALONGO TE,CRUDE OIL,2025-05-09,4:00,MAFEXP-01,BS&W,0.05,%(v/v)
5636,MAFUMEIRA,OUTLET LINE FROM OIL LACT UNIT TO MALONGO TE,CRUDE OIL,2025-05-09,4:00,MAFEXP-01,VAPOR PRESSURE,15.00,psi
5635,MAFUMEIRA,OUTLET LINE FROM OIL LACT UNIT TO MALONGO TE,CRUDE OIL,2025-05-09,5:00,MAFEXP-01,TOTAL SULFUR,13.00,%(w/w)
5630,MAFUMEIRA,OUTLET LINE FROM OIL LACT UNIT TO MALONGO TERMINAL,CRUDE OIL,2025-05-15,4:00 AM,MAFEXP-01,DENSITY,0.85,g/cm3
5629,MAFUMEIRA,OUTLET LINE FROM OIL LACT UNIT TO MALONGO TERMINAL,CRUDE OIL,2025-05-15,4:00 AM,MAFEXP-01,API@60,0.85,DEGREES
5628,MAFUMEIRA,OUTLET LINE FROM OIL LACT UNIT TO MALONGO TERMINAL,CRUDE OIL,2025-05-15,4:00 AM,MAFEXP-01,VAPOR PRESSURE,35.10,psi
5627,MAFUMEIRA,OUTLET LINE FROM OIL LACT UNIT TO MALONGO TERMINAL,CRUDE OIL,2025-05-15,4:00 AM,MAFEXP-01,TOTAL SULFUR,3.17,% (w/w)
5626,MAFUMEIRA,OUTLET LINE FROM OIL LACT UNIT TO MALONGO TERMINAL,CRUDE OIL,2025-05-15,4:00 AM,MAFEXP-01,SALT,10.00,lbs/1000 bbl
5625,MAFUMEIRA,OUTLET LINE FROM OIL LACT UNIT TO MALONGO TERMINAL,CRUDE OIL,2025-05-15,4:00 AM,MAFEXP-01,BS&W,0.05,% (v/v)
5620,MALONGO TERMINAL,OUTLET LINE FROM OIL,CRUDE OIL,2025-05-14,4:00 AM,MAFEXP-01,API@60,0.85,Degrees
5619,MALONGO TERMINAL,OUTLET LINE FROM OIL,CRUDE OIL,2025-05-14,4:00 AM,MAFEXP-01,OIL GREASE,0.85,mg/L
5618,MALONGO TERMINAL,OUTLET LINE FROM OIL,CRUDE OIL,2025-05-14,4:00 AM,MAFEXP-01,VAPOR PRESSURE,35.60,psi
5617,MALONGO TERMINAL,OUTLET LINE FROM OIL,CRUDE OIL,2025-05-14,4:00 AM,MAFEXP-01,TOTAL SULFUR,3.70,%(w/w)
5616,MALONGO TERMINAL,OUTLET LINE FROM OIL,CRUDE OIL,2025-05-14,4:00 AM,MAFEXP-01,SALT,13.00,lbs/1000
5615,MALONGO TERMINAL,OUTLET LINE FROM OIL,CRUDE OIL,2025-05-14,4:00 AM,MAFEXP-01,BS&W,0.05,%(v/v)
5614,MALONGO TERMINAL,OUTLET LINE FROM OIL,CRUDE OIL,2025-05-14,4:00 AM,MAFEXP-01,WATER,0.05,%(v/v)
5613,MALONGO TERMINAL,OUTLET LINE FROM OIL,CRUDE OIL,2025-05-14,4:00 AM,MAFEXP-01,EMUL (NOEB),0.05,%(v/v)
5612,MALONGO TERMINAL,OUTLET LINE FROM OIL,CRUDE OIL,2025-05-14,4:00 AM,MAFEXP-01,SEDIMENT,0.00,%(v)
5611,MALONGO,OUTLET LINE FROM OIL LACT UNIT TO MALONGO TERMINAL,CRUDE OIL,2025-05-18,04:00,MAFEXP-01,OIL GREASE,34.80,mg/L
5606,OUTLET LINE FROM OIL LACT UNIT,OUTLET LINE FROM OIL LACT UNIT TO MALONGO TERMINAL,CRUDE OIL,2025-05-11,4:00 AM,MAFEXP-01,DENSITY,0.85,g/cm3
5605,OUTLET LINE FROM OIL LACT UNIT,OUTLET LINE FROM OIL LACT UNIT TO MALONGO TERMINAL,CRUDE OIL,2025-05-11,4:00 AM,MAFEXP-01,VAPOR PRESSURE,35.10,psi
5604,OUTLET LINE FROM OIL LACT UNIT,OUTLET LINE FROM OIL LACT UNIT TO MALONGO TERMINAL,CRUDE OIL,2025-05-11,4:00 AM,MAFEXP-01,TOTAL SULFUR,3.11,%(w/w)
5603,OUTLET LINE FROM OIL LACT UNIT,OUTLET LINE FROM OIL LACT UNIT TO MALONGO TERMINAL,CRUDE OIL,2025-05-11,4:00 AM,MAFEXP-01,OIL GREASE,0.00,mg/L
5597,CABINDA GULF OI COMPANY,OUTLET LINE FROM OIL LACT UNIT TO MALONGO TE,CRUDE OIL,2025-05-17,04:00,MAFEXP-01,DENSITY,0.85,g/cm³
5596,CABINDA GULF OI COMPANY,OUTLET LINE FROM OIL LACT UNIT TO MALONGO TE,CRUDE OIL,2025-05-17,04:00,MAFEXP-01,API@60,0.85,Degrees
5595,CABINDA GULF OI COMPANY,OUTLET LINE FROM OIL LACT UNIT TO MALONGO TE,CRUDE OIL,2025-05-17,04:00,MAFEXP-01,OIL GREASE,3.40,mg/L
5594,CABINDA GULF OI COMPANY,OUTLET LINE FROM OIL LACT UNIT TO MALONGO TE,CRUDE OIL,2025-05-17,04:00,MAFEXP-01,VAPOR PRESSURE,35.30,psi
5593,CABINDA GULF OI COMPANY,OUTLET LINE FROM OIL LACT UNIT TO MALONGO TE,CRUDE OIL,2025-05-17,04:00,MAFEXP-01,TOTAL SULFUR,3.40,% (w/w)
5592,CABINDA GULF OI COMPANY,OUTLET LINE FROM OIL LACT UNIT TO MALONGO TE,CRUDE OIL,2025-05-17,04:00,MAFEXP-01,SALT,7.00,lbs/100
5591,CABINDA GULF OI COMPANY,OUTLET LINE FROM OIL LACT UNIT TO MALONGO TE,CRUDE OIL,2025-05-17,04:00,MAFEXP-01,WATER,0.05,% (v/v)
5590,CABINDA GULF OI COMPANY,OUTLET LINE FROM OIL LACT UNIT TO MALONGO TE,CRUDE OIL,2025-05-17,04:00,MAFEXP-01,BS&W,0.05,% (v/v)
5589,CABINDA GULF OI COMPANY,OUTLET LINE FROM OIL LACT UNIT TO MALONGO TE,CRUDE OIL,2025-05-17,04:00,MAFEXP-01,EMUL (NOEB),0.05,% (v/v)
5583,CABINDA,OUTLET LINE FROM OIL LACT UNIT TO MALONGO TE,CRUDE OIL,2025-05-12,04:00 AM,MAFEXP-01,DENSITY,847.30,g/cm3
5582,CABINDA,OUTLET LINE FROM OIL LACT UNIT TO MALONGO TE,CRUDE OIL,2025-05-12,04:00 AM,MAFEXP-01,API@60,0.85,Degrees
5581,CABINDA,OUTLET LINE FROM OIL LACT UNIT TO MALONGO TE,CRUDE OIL,2025-05-12,04:00 AM,MAFEXP-01,OIL GREASE,0.85,mg/L
5580,CABINDA,OUTLET LINE FROM OIL LACT UNIT TO MALONGO TE,CRUDE OIL,2025-05-12,04:00 AM,MAFEXP-01,VAPOR PRESSURE,35.30,psi
5579,CABINDA,OUTLET LINE FROM OIL LACT UNIT TO MALONGO TE,CRUDE OIL,2025-05-12,04:00 AM,MAFEXP-01,TOTAL SULFUR,3.63,%(w/w)
5578,CABINDA,OUTLET LINE FROM OIL LACT UNIT TO MALONGO TE,CRUDE OIL,2025-05-12,04:00 AM,MAFEXP-01,SALT,9.00,lb/1000 bbl
5577,CABINDA,OUTLET LINE FROM OIL LACT UNIT TO MALONGO TE,CRUDE OIL,2025-05-12,04:00 AM,MAFEXP-01,BS&W,0.05,%(v/v)
5576,CABINDA,OUTLET LINE FROM OIL LACT UNIT TO MALONGO TE,CRUDE OIL,2025-05-12,04:00 AM,MAFEXP-01,WATER,0.05,%(v/v)
5575,CABINDA,OUTLET LINE FROM OIL LACT UNIT TO MALONGO TE,CRUDE OIL,2025-05-12,04:00 AM,MAFEXP-01,EMUL (NOEB),0.05,%(v/v)
5574,CABINDA,OUTLET LINE FROM OIL LACT UNIT TO MALONGO TE,CRUDE OIL,2025-05-12,04:00 AM,MAFEXP-01,SEDIMENT,0.00,%
5569,CAFUMEIRA,OUTLET LINE FROM OIL LACT UNIT TO MALONGO TERMINAL,CRUDE OIL,2025-05-16,4:00 AM,MAFEXP-01,DENSITY,0.85,g/cm3
5568,CAFUMEIRA,OUTLET LINE FROM OIL LACT UNIT TO MALONGO TERMINAL,CRUDE OIL,2025-05-16,4:00 AM,MAFEXP-01,API@60,34.90,DEGREES
5567,CAFUMEIRA,OUTLET LINE FROM OIL LACT UNIT TO MALONGO TERMINAL,CRUDE OIL,2025-05-16,4:00 AM,MAFEXP-01,OIL GREASE,3.33,mg/L
5566,CAFUMEIRA,OUTLET LINE FROM OIL LACT UNIT TO MALONGO TERMINAL,CRUDE OIL,2025-05-16,4:00 AM,MAFEXP-01,VAPOR PRESSURE,0.05,psi
5565,CAFUMEIRA,OUTLET LINE FROM OIL LACT UNIT TO MALONGO TERMINAL,CRUDE OIL,2025-05-16,4:00 AM,MAFEXP-01,TOTAL SULFUR,0.00,%(w/w)
5559,MAFEXP-01,OUTLET LINE FROM OIL LACT UNIT TO MALONGO TERMINAL,CRUDE OIL,2025-05-13,04:00 AM,MAFEXP-01,DENSITY,0.87,g/cm3
5558,MAFEXP-01,OUTLET LINE FROM OIL LACT UNIT TO MALONGO TERMINAL,CRUDE OIL,2025-05-13,04:00 AM,MAFEXP-01,API@60,0.87,Degrees
5557,MAFEXP-01,OUTLET LINE FROM OIL LACT UNIT TO MALONGO TERMINAL,CRUDE OIL,2025-05-13,04:00 AM,MAFEXP-01,OIL GREASE,31.80,mg/L
5556,MAFEXP-01,OUTLET LINE FROM OIL LACT UNIT TO MALONGO TERMINAL,CRUDE OIL,2025-05-13,04:00 AM,MAFEXP-01,VAPOR PRESSURE,3.38,psi
5555,MAFEXP-01,OUTLET LINE FROM OIL LACT UNIT TO MALONGO TERMINAL,CRUDE OIL,2025-05-13,04:00 AM,MAFEXP-01,TOTAL SULFUR,9.00,%(w/w)
5554,MAFEXP-01,OUTLET LINE FROM OIL LACT UNIT TO MALONGO TERMINAL,CRUDE OIL,2025-05-13,04:00 AM,MAFEXP-01,SALT,0.05,lb/1000 bbl
5553,MAFEXP-01,OUTLET LINE FROM OIL LACT UNIT TO MALONGO TERMINAL,CRUDE OIL,2025-05-13,04:00 AM,MAFEXP-01,BS&W,0.05,%(v/v)
5552,MAFEXP-01,OUTLET LINE FROM OIL LACT UNIT TO MALONGO TERMINAL,CRUDE OIL,2025-05-13,04:00 AM,MAFEXP-01,WATER,0.05,%(v/v)
5551,MAFEXP-01,OUTLET LINE FROM OIL LACT UNIT TO MALONGO TERMINAL,CRUDE OIL,2025-05-13,04:00 AM,MAFEXP-01,EMUL (NOEB),0.00,%(v/v)